npm warn Unknown user config "node-linker". This will stop working in the next major version of npm.
npm warn Unknown user config "link-workspace-packages". This will stop working in the next major version of npm.

> informate-frontend@0.1.0 start
> react-scripts start

(node:28162) [DEP0176] DeprecationWarning: fs.F_OK is deprecated, use fs.constants.F_OK instead
(Use `node --trace-deprecation ...` to show where the warning was created)
(node:28162) [DEP_WEBPACK_DEV_SERVER_ON_AFTER_SETUP_MIDDLEWARE] DeprecationWarning: 'onAfterSetupMiddleware' option is deprecated. Please use the 'setupMiddlewares' option.
(node:28162) [DEP_WEBPACK_DEV_SERVER_ON_BEFORE_SETUP_MIDDLEWARE] DeprecationWarning: 'onBeforeSetupMiddleware' option is deprecated. Please use the 'setupMiddlewares' option.
Starting the development server...

Failed to compile.

Loading PostCSS "tailwindcss" plugin failed: Cannot find module 'tailwindcss'
Require stack:
- /Users/andreiiacob/informate/Informate/Frontend/informate-frontend/node_modules/postcss-loader/dist/utils.js
- /Users/andreiiacob/informate/Informate/Frontend/informate-frontend/node_modules/postcss-loader/dist/index.js
- /Users/andreiiacob/informate/Informate/Frontend/informate-frontend/node_modules/postcss-loader/dist/cjs.js
- /Users/andreiiacob/informate/Informate/Frontend/informate-frontend/node_modules/loader-runner/lib/loadLoader.js
- /Users/andreiiacob/informate/Informate/Frontend/informate-frontend/node_modules/loader-runner/lib/LoaderRunner.js
- /Users/andreiiacob/informate/Informate/Frontend/informate-frontend/node_modules/webpack/lib/NormalModule.js
- /Users/andreiiacob/informate/Informate/Frontend/informate-frontend/node_modules/webpack-manifest-plugin/dist/index.js
- /Users/andreiiacob/informate/Informate/Frontend/informate-frontend/node_modules/react-scripts/config/webpack.config.js
- /Users/andreiiacob/informate/Informate/Frontend/informate-frontend/node_modules/react-scripts/scripts/start.js

(@/Users/andreiiacob/informate/Informate/Frontend/informate-frontend/src/App.css)
ERROR in ./src/App.css (./node_modules/css-loader/dist/cjs.js??ruleSet[1].rules[1].oneOf[5].use[1]!./node_modules/postcss-loader/dist/cjs.js??ruleSet[1].rules[1].oneOf[5].use[2]!./node_modules/source-map-loader/dist/cjs.js!./src/App.css)
Module Error (from ./node_modules/postcss-loader/dist/cjs.js):
Loading PostCSS "tailwindcss" plugin failed: Cannot find module 'tailwindcss'
Require stack:
- /Users/andreiiacob/informate/Informate/Frontend/informate-frontend/node_modules/postcss-loader/dist/utils.js
- /Users/andreiiacob/informate/Informate/Frontend/informate-frontend/node_modules/postcss-loader/dist/index.js
- /Users/andreiiacob/informate/Informate/Frontend/informate-frontend/node_modules/postcss-loader/dist/cjs.js
- /Users/andreiiacob/informate/Informate/Frontend/informate-frontend/node_modules/loader-runner/lib/loadLoader.js
- /Users/andreiiacob/informate/Informate/Frontend/informate-frontend/node_modules/loader-runner/lib/LoaderRunner.js
- /Users/andreiiacob/informate/Informate/Frontend/informate-frontend/node_modules/webpack/lib/NormalModule.js
- /Users/andreiiacob/informate/Informate/Frontend/informate-frontend/node_modules/webpack-manifest-plugin/dist/index.js
- /Users/andreiiacob/informate/Informate/Frontend/informate-frontend/node_modules/react-scripts/config/webpack.config.js
- /Users/andreiiacob/informate/Informate/Frontend/informate-frontend/node_modules/react-scripts/scripts/start.js

(@/Users/andreiiacob/informate/Informate/Frontend/informate-frontend/src/App.css)

webpack compiled with 1 error
Compiling...
Failed to compile.

Loading PostCSS "tailwindcss" plugin failed: Cannot find module 'tailwindcss'
Require stack:
- /Users/andreiiacob/informate/Informate/Frontend/informate-frontend/node_modules/postcss-loader/dist/utils.js
- /Users/andreiiacob/informate/Informate/Frontend/informate-frontend/node_modules/postcss-loader/dist/index.js
- /Users/andreiiacob/informate/Informate/Frontend/informate-frontend/node_modules/postcss-loader/dist/cjs.js
- /Users/andreiiacob/informate/Informate/Frontend/informate-frontend/node_modules/loader-runner/lib/loadLoader.js
- /Users/andreiiacob/informate/Informate/Frontend/informate-frontend/node_modules/loader-runner/lib/LoaderRunner.js
- /Users/andreiiacob/informate/Informate/Frontend/informate-frontend/node_modules/webpack/lib/NormalModule.js
- /Users/andreiiacob/informate/Informate/Frontend/informate-frontend/node_modules/webpack-manifest-plugin/dist/index.js
- /Users/andreiiacob/informate/Informate/Frontend/informate-frontend/node_modules/react-scripts/config/webpack.config.js
- /Users/andreiiacob/informate/Informate/Frontend/informate-frontend/node_modules/react-scripts/scripts/start.js

(@/Users/andreiiacob/informate/Informate/Frontend/informate-frontend/src/App.css)
ERROR in ./src/App.css (./node_modules/css-loader/dist/cjs.js??ruleSet[1].rules[1].oneOf[5].use[1]!./node_modules/postcss-loader/dist/cjs.js??ruleSet[1].rules[1].oneOf[5].use[2]!./node_modules/source-map-loader/dist/cjs.js!./src/App.css)
Module Error (from ./node_modules/postcss-loader/dist/cjs.js):
Loading PostCSS "tailwindcss" plugin failed: Cannot find module 'tailwindcss'
Require stack:
- /Users/andreiiacob/informate/Informate/Frontend/informate-frontend/node_modules/postcss-loader/dist/utils.js
- /Users/andreiiacob/informate/Informate/Frontend/informate-frontend/node_modules/postcss-loader/dist/index.js
- /Users/andreiiacob/informate/Informate/Frontend/informate-frontend/node_modules/postcss-loader/dist/cjs.js
- /Users/andreiiacob/informate/Informate/Frontend/informate-frontend/node_modules/loader-runner/lib/loadLoader.js
- /Users/andreiiacob/informate/Informate/Frontend/informate-frontend/node_modules/loader-runner/lib/LoaderRunner.js
- /Users/andreiiacob/informate/Informate/Frontend/informate-frontend/node_modules/webpack/lib/NormalModule.js
- /Users/andreiiacob/informate/Informate/Frontend/informate-frontend/node_modules/webpack-manifest-plugin/dist/index.js
- /Users/andreiiacob/informate/Informate/Frontend/informate-frontend/node_modules/react-scripts/config/webpack.config.js
- /Users/andreiiacob/informate/Informate/Frontend/informate-frontend/node_modules/react-scripts/scripts/start.js

(@/Users/andreiiacob/informate/Informate/Frontend/informate-frontend/src/App.css)

webpack compiled with 1 error
Compiling...
Failed to compile.

Loading PostCSS "tailwindcss" plugin failed: Cannot find module 'tailwindcss'
Require stack:
- /Users/andreiiacob/informate/Informate/Frontend/informate-frontend/node_modules/postcss-loader/dist/utils.js
- /Users/andreiiacob/informate/Informate/Frontend/informate-frontend/node_modules/postcss-loader/dist/index.js
- /Users/andreiiacob/informate/Informate/Frontend/informate-frontend/node_modules/postcss-loader/dist/cjs.js
- /Users/andreiiacob/informate/Informate/Frontend/informate-frontend/node_modules/loader-runner/lib/loadLoader.js
- /Users/andreiiacob/informate/Informate/Frontend/informate-frontend/node_modules/loader-runner/lib/LoaderRunner.js
- /Users/andreiiacob/informate/Informate/Frontend/informate-frontend/node_modules/webpack/lib/NormalModule.js
- /Users/andreiiacob/informate/Informate/Frontend/informate-frontend/node_modules/webpack-manifest-plugin/dist/index.js
- /Users/andreiiacob/informate/Informate/Frontend/informate-frontend/node_modules/react-scripts/config/webpack.config.js
- /Users/andreiiacob/informate/Informate/Frontend/informate-frontend/node_modules/react-scripts/scripts/start.js

(@/Users/andreiiacob/informate/Informate/Frontend/informate-frontend/src/App.css)
ERROR in ./src/App.css (./node_modules/css-loader/dist/cjs.js??ruleSet[1].rules[1].oneOf[5].use[1]!./node_modules/postcss-loader/dist/cjs.js??ruleSet[1].rules[1].oneOf[5].use[2]!./node_modules/source-map-loader/dist/cjs.js!./src/App.css)
Module Error (from ./node_modules/postcss-loader/dist/cjs.js):
Loading PostCSS "tailwindcss" plugin failed: Cannot find module 'tailwindcss'
Require stack:
- /Users/andreiiacob/informate/Informate/Frontend/informate-frontend/node_modules/postcss-loader/dist/utils.js
- /Users/andreiiacob/informate/Informate/Frontend/informate-frontend/node_modules/postcss-loader/dist/index.js
- /Users/andreiiacob/informate/Informate/Frontend/informate-frontend/node_modules/postcss-loader/dist/cjs.js
- /Users/andreiiacob/informate/Informate/Frontend/informate-frontend/node_modules/loader-runner/lib/loadLoader.js
- /Users/andreiiacob/informate/Informate/Frontend/informate-frontend/node_modules/loader-runner/lib/LoaderRunner.js
- /Users/andreiiacob/informate/Informate/Frontend/informate-frontend/node_modules/webpack/lib/NormalModule.js
- /Users/andreiiacob/informate/Informate/Frontend/informate-frontend/node_modules/webpack-manifest-plugin/dist/index.js
- /Users/andreiiacob/informate/Informate/Frontend/informate-frontend/node_modules/react-scripts/config/webpack.config.js
- /Users/andreiiacob/informate/Informate/Frontend/informate-frontend/node_modules/react-scripts/scripts/start.js

(@/Users/andreiiacob/informate/Informate/Frontend/informate-frontend/src/App.css)

webpack compiled with 1 error
Compiling...
Failed to compile.

Loading PostCSS "tailwindcss" plugin failed: Cannot find module 'tailwindcss'
Require stack:
- /Users/andreiiacob/informate/Informate/Frontend/informate-frontend/node_modules/postcss-loader/dist/utils.js
- /Users/andreiiacob/informate/Informate/Frontend/informate-frontend/node_modules/postcss-loader/dist/index.js
- /Users/andreiiacob/informate/Informate/Frontend/informate-frontend/node_modules/postcss-loader/dist/cjs.js
- /Users/andreiiacob/informate/Informate/Frontend/informate-frontend/node_modules/loader-runner/lib/loadLoader.js
- /Users/andreiiacob/informate/Informate/Frontend/informate-frontend/node_modules/loader-runner/lib/LoaderRunner.js
- /Users/andreiiacob/informate/Informate/Frontend/informate-frontend/node_modules/webpack/lib/NormalModule.js
- /Users/andreiiacob/informate/Informate/Frontend/informate-frontend/node_modules/webpack-manifest-plugin/dist/index.js
- /Users/andreiiacob/informate/Informate/Frontend/informate-frontend/node_modules/react-scripts/config/webpack.config.js
- /Users/andreiiacob/informate/Informate/Frontend/informate-frontend/node_modules/react-scripts/scripts/start.js

(@/Users/andreiiacob/informate/Informate/Frontend/informate-frontend/src/App.css)
ERROR in ./src/App.css (./node_modules/css-loader/dist/cjs.js??ruleSet[1].rules[1].oneOf[5].use[1]!./node_modules/postcss-loader/dist/cjs.js??ruleSet[1].rules[1].oneOf[5].use[2]!./node_modules/source-map-loader/dist/cjs.js!./src/App.css)
Module Error (from ./node_modules/postcss-loader/dist/cjs.js):
Loading PostCSS "tailwindcss" plugin failed: Cannot find module 'tailwindcss'
Require stack:
- /Users/andreiiacob/informate/Informate/Frontend/informate-frontend/node_modules/postcss-loader/dist/utils.js
- /Users/andreiiacob/informate/Informate/Frontend/informate-frontend/node_modules/postcss-loader/dist/index.js
- /Users/andreiiacob/informate/Informate/Frontend/informate-frontend/node_modules/postcss-loader/dist/cjs.js
- /Users/andreiiacob/informate/Informate/Frontend/informate-frontend/node_modules/loader-runner/lib/loadLoader.js
- /Users/andreiiacob/informate/Informate/Frontend/informate-frontend/node_modules/loader-runner/lib/LoaderRunner.js
- /Users/andreiiacob/informate/Informate/Frontend/informate-frontend/node_modules/webpack/lib/NormalModule.js
- /Users/andreiiacob/informate/Informate/Frontend/informate-frontend/node_modules/webpack-manifest-plugin/dist/index.js
- /Users/andreiiacob/informate/Informate/Frontend/informate-frontend/node_modules/react-scripts/config/webpack.config.js
- /Users/andreiiacob/informate/Informate/Frontend/informate-frontend/node_modules/react-scripts/scripts/start.js

(@/Users/andreiiacob/informate/Informate/Frontend/informate-frontend/src/App.css)

webpack compiled with 1 error
Compiling...
Failed to compile.

Loading PostCSS "tailwindcss" plugin failed: Cannot find module 'tailwindcss'
Require stack:
- /Users/andreiiacob/informate/Informate/Frontend/informate-frontend/node_modules/postcss-loader/dist/utils.js
- /Users/andreiiacob/informate/Informate/Frontend/informate-frontend/node_modules/postcss-loader/dist/index.js
- /Users/andreiiacob/informate/Informate/Frontend/informate-frontend/node_modules/postcss-loader/dist/cjs.js
- /Users/andreiiacob/informate/Informate/Frontend/informate-frontend/node_modules/loader-runner/lib/loadLoader.js
- /Users/andreiiacob/informate/Informate/Frontend/informate-frontend/node_modules/loader-runner/lib/LoaderRunner.js
- /Users/andreiiacob/informate/Informate/Frontend/informate-frontend/node_modules/webpack/lib/NormalModule.js
- /Users/andreiiacob/informate/Informate/Frontend/informate-frontend/node_modules/webpack-manifest-plugin/dist/index.js
- /Users/andreiiacob/informate/Informate/Frontend/informate-frontend/node_modules/react-scripts/config/webpack.config.js
- /Users/andreiiacob/informate/Informate/Frontend/informate-frontend/node_modules/react-scripts/scripts/start.js

(@/Users/andreiiacob/informate/Informate/Frontend/informate-frontend/src/App.css)
ERROR in ./src/App.css (./node_modules/css-loader/dist/cjs.js??ruleSet[1].rules[1].oneOf[5].use[1]!./node_modules/postcss-loader/dist/cjs.js??ruleSet[1].rules[1].oneOf[5].use[2]!./node_modules/source-map-loader/dist/cjs.js!./src/App.css)
Module Error (from ./node_modules/postcss-loader/dist/cjs.js):
Loading PostCSS "tailwindcss" plugin failed: Cannot find module 'tailwindcss'
Require stack:
- /Users/andreiiacob/informate/Informate/Frontend/informate-frontend/node_modules/postcss-loader/dist/utils.js
- /Users/andreiiacob/informate/Informate/Frontend/informate-frontend/node_modules/postcss-loader/dist/index.js
- /Users/andreiiacob/informate/Informate/Frontend/informate-frontend/node_modules/postcss-loader/dist/cjs.js
- /Users/andreiiacob/informate/Informate/Frontend/informate-frontend/node_modules/loader-runner/lib/loadLoader.js
- /Users/andreiiacob/informate/Informate/Frontend/informate-frontend/node_modules/loader-runner/lib/LoaderRunner.js
- /Users/andreiiacob/informate/Informate/Frontend/informate-frontend/node_modules/webpack/lib/NormalModule.js
- /Users/andreiiacob/informate/Informate/Frontend/informate-frontend/node_modules/webpack-manifest-plugin/dist/index.js
- /Users/andreiiacob/informate/Informate/Frontend/informate-frontend/node_modules/react-scripts/config/webpack.config.js
- /Users/andreiiacob/informate/Informate/Frontend/informate-frontend/node_modules/react-scripts/scripts/start.js

(@/Users/andreiiacob/informate/Informate/Frontend/informate-frontend/src/App.css)

webpack compiled with 1 error
Compiling...
Failed to compile.

Loading PostCSS "tailwindcss" plugin failed: Cannot find module 'tailwindcss'
Require stack:
- /Users/andreiiacob/informate/Informate/Frontend/informate-frontend/node_modules/postcss-loader/dist/utils.js
- /Users/andreiiacob/informate/Informate/Frontend/informate-frontend/node_modules/postcss-loader/dist/index.js
- /Users/andreiiacob/informate/Informate/Frontend/informate-frontend/node_modules/postcss-loader/dist/cjs.js
- /Users/andreiiacob/informate/Informate/Frontend/informate-frontend/node_modules/loader-runner/lib/loadLoader.js
- /Users/andreiiacob/informate/Informate/Frontend/informate-frontend/node_modules/loader-runner/lib/LoaderRunner.js
- /Users/andreiiacob/informate/Informate/Frontend/informate-frontend/node_modules/webpack/lib/NormalModule.js
- /Users/andreiiacob/informate/Informate/Frontend/informate-frontend/node_modules/webpack-manifest-plugin/dist/index.js
- /Users/andreiiacob/informate/Informate/Frontend/informate-frontend/node_modules/react-scripts/config/webpack.config.js
- /Users/andreiiacob/informate/Informate/Frontend/informate-frontend/node_modules/react-scripts/scripts/start.js

(@/Users/andreiiacob/informate/Informate/Frontend/informate-frontend/src/App.css)
ERROR in ./src/App.css (./node_modules/css-loader/dist/cjs.js??ruleSet[1].rules[1].oneOf[5].use[1]!./node_modules/postcss-loader/dist/cjs.js??ruleSet[1].rules[1].oneOf[5].use[2]!./node_modules/source-map-loader/dist/cjs.js!./src/App.css)
Module Error (from ./node_modules/postcss-loader/dist/cjs.js):
Loading PostCSS "tailwindcss" plugin failed: Cannot find module 'tailwindcss'
Require stack:
- /Users/andreiiacob/informate/Informate/Frontend/informate-frontend/node_modules/postcss-loader/dist/utils.js
- /Users/andreiiacob/informate/Informate/Frontend/informate-frontend/node_modules/postcss-loader/dist/index.js
- /Users/andreiiacob/informate/Informate/Frontend/informate-frontend/node_modules/postcss-loader/dist/cjs.js
- /Users/andreiiacob/informate/Informate/Frontend/informate-frontend/node_modules/loader-runner/lib/loadLoader.js
- /Users/andreiiacob/informate/Informate/Frontend/informate-frontend/node_modules/loader-runner/lib/LoaderRunner.js
- /Users/andreiiacob/informate/Informate/Frontend/informate-frontend/node_modules/webpack/lib/NormalModule.js
- /Users/andreiiacob/informate/Informate/Frontend/informate-frontend/node_modules/webpack-manifest-plugin/dist/index.js
- /Users/andreiiacob/informate/Informate/Frontend/informate-frontend/node_modules/react-scripts/config/webpack.config.js
- /Users/andreiiacob/informate/Informate/Frontend/informate-frontend/node_modules/react-scripts/scripts/start.js

(@/Users/andreiiacob/informate/Informate/Frontend/informate-frontend/src/App.css)

webpack compiled with 1 error
Compiling...
Failed to compile.

Loading PostCSS "tailwindcss" plugin failed: Cannot find module 'tailwindcss'
Require stack:
- /Users/andreiiacob/informate/Informate/Frontend/informate-frontend/node_modules/postcss-loader/dist/utils.js
- /Users/andreiiacob/informate/Informate/Frontend/informate-frontend/node_modules/postcss-loader/dist/index.js
- /Users/andreiiacob/informate/Informate/Frontend/informate-frontend/node_modules/postcss-loader/dist/cjs.js
- /Users/andreiiacob/informate/Informate/Frontend/informate-frontend/node_modules/loader-runner/lib/loadLoader.js
- /Users/andreiiacob/informate/Informate/Frontend/informate-frontend/node_modules/loader-runner/lib/LoaderRunner.js
- /Users/andreiiacob/informate/Informate/Frontend/informate-frontend/node_modules/webpack/lib/NormalModule.js
- /Users/andreiiacob/informate/Informate/Frontend/informate-frontend/node_modules/webpack-manifest-plugin/dist/index.js
- /Users/andreiiacob/informate/Informate/Frontend/informate-frontend/node_modules/react-scripts/config/webpack.config.js
- /Users/andreiiacob/informate/Informate/Frontend/informate-frontend/node_modules/react-scripts/scripts/start.js

(@/Users/andreiiacob/informate/Informate/Frontend/informate-frontend/src/App.css)
ERROR in ./src/App.css (./node_modules/css-loader/dist/cjs.js??ruleSet[1].rules[1].oneOf[5].use[1]!./node_modules/postcss-loader/dist/cjs.js??ruleSet[1].rules[1].oneOf[5].use[2]!./node_modules/source-map-loader/dist/cjs.js!./src/App.css)
Module Error (from ./node_modules/postcss-loader/dist/cjs.js):
Loading PostCSS "tailwindcss" plugin failed: Cannot find module 'tailwindcss'
Require stack:
- /Users/andreiiacob/informate/Informate/Frontend/informate-frontend/node_modules/postcss-loader/dist/utils.js
- /Users/andreiiacob/informate/Informate/Frontend/informate-frontend/node_modules/postcss-loader/dist/index.js
- /Users/andreiiacob/informate/Informate/Frontend/informate-frontend/node_modules/postcss-loader/dist/cjs.js
- /Users/andreiiacob/informate/Informate/Frontend/informate-frontend/node_modules/loader-runner/lib/loadLoader.js
- /Users/andreiiacob/informate/Informate/Frontend/informate-frontend/node_modules/loader-runner/lib/LoaderRunner.js
- /Users/andreiiacob/informate/Informate/Frontend/informate-frontend/node_modules/webpack/lib/NormalModule.js
- /Users/andreiiacob/informate/Informate/Frontend/informate-frontend/node_modules/webpack-manifest-plugin/dist/index.js
- /Users/andreiiacob/informate/Informate/Frontend/informate-frontend/node_modules/react-scripts/config/webpack.config.js
- /Users/andreiiacob/informate/Informate/Frontend/informate-frontend/node_modules/react-scripts/scripts/start.js

(@/Users/andreiiacob/informate/Informate/Frontend/informate-frontend/src/App.css)

webpack compiled with 1 error
Compiling...
Failed to compile.

Loading PostCSS "tailwindcss" plugin failed: Cannot find module 'tailwindcss'
Require stack:
- /Users/andreiiacob/informate/Informate/Frontend/informate-frontend/node_modules/postcss-loader/dist/utils.js
- /Users/andreiiacob/informate/Informate/Frontend/informate-frontend/node_modules/postcss-loader/dist/index.js
- /Users/andreiiacob/informate/Informate/Frontend/informate-frontend/node_modules/postcss-loader/dist/cjs.js
- /Users/andreiiacob/informate/Informate/Frontend/informate-frontend/node_modules/loader-runner/lib/loadLoader.js
- /Users/andreiiacob/informate/Informate/Frontend/informate-frontend/node_modules/loader-runner/lib/LoaderRunner.js
- /Users/andreiiacob/informate/Informate/Frontend/informate-frontend/node_modules/webpack/lib/NormalModule.js
- /Users/andreiiacob/informate/Informate/Frontend/informate-frontend/node_modules/webpack-manifest-plugin/dist/index.js
- /Users/andreiiacob/informate/Informate/Frontend/informate-frontend/node_modules/react-scripts/config/webpack.config.js
- /Users/andreiiacob/informate/Informate/Frontend/informate-frontend/node_modules/react-scripts/scripts/start.js

(@/Users/andreiiacob/informate/Informate/Frontend/informate-frontend/src/App.css)
ERROR in ./src/App.css (./node_modules/css-loader/dist/cjs.js??ruleSet[1].rules[1].oneOf[5].use[1]!./node_modules/postcss-loader/dist/cjs.js??ruleSet[1].rules[1].oneOf[5].use[2]!./node_modules/source-map-loader/dist/cjs.js!./src/App.css)
Module Error (from ./node_modules/postcss-loader/dist/cjs.js):
Loading PostCSS "tailwindcss" plugin failed: Cannot find module 'tailwindcss'
Require stack:
- /Users/andreiiacob/informate/Informate/Frontend/informate-frontend/node_modules/postcss-loader/dist/utils.js
- /Users/andreiiacob/informate/Informate/Frontend/informate-frontend/node_modules/postcss-loader/dist/index.js
- /Users/andreiiacob/informate/Informate/Frontend/informate-frontend/node_modules/postcss-loader/dist/cjs.js
- /Users/andreiiacob/informate/Informate/Frontend/informate-frontend/node_modules/loader-runner/lib/loadLoader.js
- /Users/andreiiacob/informate/Informate/Frontend/informate-frontend/node_modules/loader-runner/lib/LoaderRunner.js
- /Users/andreiiacob/informate/Informate/Frontend/informate-frontend/node_modules/webpack/lib/NormalModule.js
- /Users/andreiiacob/informate/Informate/Frontend/informate-frontend/node_modules/webpack-manifest-plugin/dist/index.js
- /Users/andreiiacob/informate/Informate/Frontend/informate-frontend/node_modules/react-scripts/config/webpack.config.js
- /Users/andreiiacob/informate/Informate/Frontend/informate-frontend/node_modules/react-scripts/scripts/start.js

(@/Users/andreiiacob/informate/Informate/Frontend/informate-frontend/src/App.css)

webpack compiled with 1 error
Compiling...
Failed to compile.

Loading PostCSS "tailwindcss" plugin failed: Cannot find module 'tailwindcss'
Require stack:
- /Users/andreiiacob/informate/Informate/Frontend/informate-frontend/node_modules/postcss-loader/dist/utils.js
- /Users/andreiiacob/informate/Informate/Frontend/informate-frontend/node_modules/postcss-loader/dist/index.js
- /Users/andreiiacob/informate/Informate/Frontend/informate-frontend/node_modules/postcss-loader/dist/cjs.js
- /Users/andreiiacob/informate/Informate/Frontend/informate-frontend/node_modules/loader-runner/lib/loadLoader.js
- /Users/andreiiacob/informate/Informate/Frontend/informate-frontend/node_modules/loader-runner/lib/LoaderRunner.js
- /Users/andreiiacob/informate/Informate/Frontend/informate-frontend/node_modules/webpack/lib/NormalModule.js
- /Users/andreiiacob/informate/Informate/Frontend/informate-frontend/node_modules/webpack-manifest-plugin/dist/index.js
- /Users/andreiiacob/informate/Informate/Frontend/informate-frontend/node_modules/react-scripts/config/webpack.config.js
- /Users/andreiiacob/informate/Informate/Frontend/informate-frontend/node_modules/react-scripts/scripts/start.js

(@/Users/andreiiacob/informate/Informate/Frontend/informate-frontend/src/App.css)
ERROR in ./src/App.css (./node_modules/css-loader/dist/cjs.js??ruleSet[1].rules[1].oneOf[5].use[1]!./node_modules/postcss-loader/dist/cjs.js??ruleSet[1].rules[1].oneOf[5].use[2]!./node_modules/source-map-loader/dist/cjs.js!./src/App.css)
Module Error (from ./node_modules/postcss-loader/dist/cjs.js):
Loading PostCSS "tailwindcss" plugin failed: Cannot find module 'tailwindcss'
Require stack:
- /Users/andreiiacob/informate/Informate/Frontend/informate-frontend/node_modules/postcss-loader/dist/utils.js
- /Users/andreiiacob/informate/Informate/Frontend/informate-frontend/node_modules/postcss-loader/dist/index.js
- /Users/andreiiacob/informate/Informate/Frontend/informate-frontend/node_modules/postcss-loader/dist/cjs.js
- /Users/andreiiacob/informate/Informate/Frontend/informate-frontend/node_modules/loader-runner/lib/loadLoader.js
- /Users/andreiiacob/informate/Informate/Frontend/informate-frontend/node_modules/loader-runner/lib/LoaderRunner.js
- /Users/andreiiacob/informate/Informate/Frontend/informate-frontend/node_modules/webpack/lib/NormalModule.js
- /Users/andreiiacob/informate/Informate/Frontend/informate-frontend/node_modules/webpack-manifest-plugin/dist/index.js
- /Users/andreiiacob/informate/Informate/Frontend/informate-frontend/node_modules/react-scripts/config/webpack.config.js
- /Users/andreiiacob/informate/Informate/Frontend/informate-frontend/node_modules/react-scripts/scripts/start.js

(@/Users/andreiiacob/informate/Informate/Frontend/informate-frontend/src/App.css)

webpack compiled with 1 error
Compiling...
Failed to compile.

Loading PostCSS "tailwindcss" plugin failed: Cannot find module 'tailwindcss'
Require stack:
- /Users/andreiiacob/informate/Informate/Frontend/informate-frontend/node_modules/postcss-loader/dist/utils.js
- /Users/andreiiacob/informate/Informate/Frontend/informate-frontend/node_modules/postcss-loader/dist/index.js
- /Users/andreiiacob/informate/Informate/Frontend/informate-frontend/node_modules/postcss-loader/dist/cjs.js
- /Users/andreiiacob/informate/Informate/Frontend/informate-frontend/node_modules/loader-runner/lib/loadLoader.js
- /Users/andreiiacob/informate/Informate/Frontend/informate-frontend/node_modules/loader-runner/lib/LoaderRunner.js
- /Users/andreiiacob/informate/Informate/Frontend/informate-frontend/node_modules/webpack/lib/NormalModule.js
- /Users/andreiiacob/informate/Informate/Frontend/informate-frontend/node_modules/webpack-manifest-plugin/dist/index.js
- /Users/andreiiacob/informate/Informate/Frontend/informate-frontend/node_modules/react-scripts/config/webpack.config.js
- /Users/andreiiacob/informate/Informate/Frontend/informate-frontend/node_modules/react-scripts/scripts/start.js

(@/Users/andreiiacob/informate/Informate/Frontend/informate-frontend/src/App.css)
ERROR in ./src/App.css (./node_modules/css-loader/dist/cjs.js??ruleSet[1].rules[1].oneOf[5].use[1]!./node_modules/postcss-loader/dist/cjs.js??ruleSet[1].rules[1].oneOf[5].use[2]!./node_modules/source-map-loader/dist/cjs.js!./src/App.css)
Module Error (from ./node_modules/postcss-loader/dist/cjs.js):
Loading PostCSS "tailwindcss" plugin failed: Cannot find module 'tailwindcss'
Require stack:
- /Users/andreiiacob/informate/Informate/Frontend/informate-frontend/node_modules/postcss-loader/dist/utils.js
- /Users/andreiiacob/informate/Informate/Frontend/informate-frontend/node_modules/postcss-loader/dist/index.js
- /Users/andreiiacob/informate/Informate/Frontend/informate-frontend/node_modules/postcss-loader/dist/cjs.js
- /Users/andreiiacob/informate/Informate/Frontend/informate-frontend/node_modules/loader-runner/lib/loadLoader.js
- /Users/andreiiacob/informate/Informate/Frontend/informate-frontend/node_modules/loader-runner/lib/LoaderRunner.js
- /Users/andreiiacob/informate/Informate/Frontend/informate-frontend/node_modules/webpack/lib/NormalModule.js
- /Users/andreiiacob/informate/Informate/Frontend/informate-frontend/node_modules/webpack-manifest-plugin/dist/index.js
- /Users/andreiiacob/informate/Informate/Frontend/informate-frontend/node_modules/react-scripts/config/webpack.config.js
- /Users/andreiiacob/informate/Informate/Frontend/informate-frontend/node_modules/react-scripts/scripts/start.js

(@/Users/andreiiacob/informate/Informate/Frontend/informate-frontend/src/App.css)

webpack compiled with 1 error
Compiling...
Failed to compile.

Loading PostCSS "tailwindcss" plugin failed: Cannot find module 'tailwindcss'
Require stack:
- /Users/andreiiacob/informate/Informate/Frontend/informate-frontend/node_modules/postcss-loader/dist/utils.js
- /Users/andreiiacob/informate/Informate/Frontend/informate-frontend/node_modules/postcss-loader/dist/index.js
- /Users/andreiiacob/informate/Informate/Frontend/informate-frontend/node_modules/postcss-loader/dist/cjs.js
- /Users/andreiiacob/informate/Informate/Frontend/informate-frontend/node_modules/loader-runner/lib/loadLoader.js
- /Users/andreiiacob/informate/Informate/Frontend/informate-frontend/node_modules/loader-runner/lib/LoaderRunner.js
- /Users/andreiiacob/informate/Informate/Frontend/informate-frontend/node_modules/webpack/lib/NormalModule.js
- /Users/andreiiacob/informate/Informate/Frontend/informate-frontend/node_modules/webpack-manifest-plugin/dist/index.js
- /Users/andreiiacob/informate/Informate/Frontend/informate-frontend/node_modules/react-scripts/config/webpack.config.js
- /Users/andreiiacob/informate/Informate/Frontend/informate-frontend/node_modules/react-scripts/scripts/start.js

(@/Users/andreiiacob/informate/Informate/Frontend/informate-frontend/src/App.css)
ERROR in ./src/App.css (./node_modules/css-loader/dist/cjs.js??ruleSet[1].rules[1].oneOf[5].use[1]!./node_modules/postcss-loader/dist/cjs.js??ruleSet[1].rules[1].oneOf[5].use[2]!./node_modules/source-map-loader/dist/cjs.js!./src/App.css)
Module Error (from ./node_modules/postcss-loader/dist/cjs.js):
Loading PostCSS "tailwindcss" plugin failed: Cannot find module 'tailwindcss'
Require stack:
- /Users/andreiiacob/informate/Informate/Frontend/informate-frontend/node_modules/postcss-loader/dist/utils.js
- /Users/andreiiacob/informate/Informate/Frontend/informate-frontend/node_modules/postcss-loader/dist/index.js
- /Users/andreiiacob/informate/Informate/Frontend/informate-frontend/node_modules/postcss-loader/dist/cjs.js
- /Users/andreiiacob/informate/Informate/Frontend/informate-frontend/node_modules/loader-runner/lib/loadLoader.js
- /Users/andreiiacob/informate/Informate/Frontend/informate-frontend/node_modules/loader-runner/lib/LoaderRunner.js
- /Users/andreiiacob/informate/Informate/Frontend/informate-frontend/node_modules/webpack/lib/NormalModule.js
- /Users/andreiiacob/informate/Informate/Frontend/informate-frontend/node_modules/webpack-manifest-plugin/dist/index.js
- /Users/andreiiacob/informate/Informate/Frontend/informate-frontend/node_modules/react-scripts/config/webpack.config.js
- /Users/andreiiacob/informate/Informate/Frontend/informate-frontend/node_modules/react-scripts/scripts/start.js

(@/Users/andreiiacob/informate/Informate/Frontend/informate-frontend/src/App.css)

webpack compiled with 1 error
Compiling...
Failed to compile.

Loading PostCSS "tailwindcss" plugin failed: Cannot find module 'tailwindcss'
Require stack:
- /Users/andreiiacob/informate/Informate/Frontend/informate-frontend/node_modules/postcss-loader/dist/utils.js
- /Users/andreiiacob/informate/Informate/Frontend/informate-frontend/node_modules/postcss-loader/dist/index.js
- /Users/andreiiacob/informate/Informate/Frontend/informate-frontend/node_modules/postcss-loader/dist/cjs.js
- /Users/andreiiacob/informate/Informate/Frontend/informate-frontend/node_modules/loader-runner/lib/loadLoader.js
- /Users/andreiiacob/informate/Informate/Frontend/informate-frontend/node_modules/loader-runner/lib/LoaderRunner.js
- /Users/andreiiacob/informate/Informate/Frontend/informate-frontend/node_modules/webpack/lib/NormalModule.js
- /Users/andreiiacob/informate/Informate/Frontend/informate-frontend/node_modules/webpack-manifest-plugin/dist/index.js
- /Users/andreiiacob/informate/Informate/Frontend/informate-frontend/node_modules/react-scripts/config/webpack.config.js
- /Users/andreiiacob/informate/Informate/Frontend/informate-frontend/node_modules/react-scripts/scripts/start.js

(@/Users/andreiiacob/informate/Informate/Frontend/informate-frontend/src/App.css)
ERROR in ./src/App.css (./node_modules/css-loader/dist/cjs.js??ruleSet[1].rules[1].oneOf[5].use[1]!./node_modules/postcss-loader/dist/cjs.js??ruleSet[1].rules[1].oneOf[5].use[2]!./node_modules/source-map-loader/dist/cjs.js!./src/App.css)
Module Error (from ./node_modules/postcss-loader/dist/cjs.js):
Loading PostCSS "tailwindcss" plugin failed: Cannot find module 'tailwindcss'
Require stack:
- /Users/andreiiacob/informate/Informate/Frontend/informate-frontend/node_modules/postcss-loader/dist/utils.js
- /Users/andreiiacob/informate/Informate/Frontend/informate-frontend/node_modules/postcss-loader/dist/index.js
- /Users/andreiiacob/informate/Informate/Frontend/informate-frontend/node_modules/postcss-loader/dist/cjs.js
- /Users/andreiiacob/informate/Informate/Frontend/informate-frontend/node_modules/loader-runner/lib/loadLoader.js
- /Users/andreiiacob/informate/Informate/Frontend/informate-frontend/node_modules/loader-runner/lib/LoaderRunner.js
- /Users/andreiiacob/informate/Informate/Frontend/informate-frontend/node_modules/webpack/lib/NormalModule.js
- /Users/andreiiacob/informate/Informate/Frontend/informate-frontend/node_modules/webpack-manifest-plugin/dist/index.js
- /Users/andreiiacob/informate/Informate/Frontend/informate-frontend/node_modules/react-scripts/config/webpack.config.js
- /Users/andreiiacob/informate/Informate/Frontend/informate-frontend/node_modules/react-scripts/scripts/start.js

(@/Users/andreiiacob/informate/Informate/Frontend/informate-frontend/src/App.css)

webpack compiled with 1 error
Failed to compile.

Module not found: Error: Can't resolve '/Users/andreiiacob/informate/Informate/Frontend/informate-frontend/node_modules/css-loader/dist/cjs.js' in '/Users/andreiiacob/informate/Informate/Frontend/informate-frontend'
ERROR in ./src/App.js 12:0-19
Module not found: Error: Can't resolve '/Users/andreiiacob/informate/Informate/Frontend/informate-frontend/node_modules/css-loader/dist/cjs.js' in '/Users/andreiiacob/informate/Informate/Frontend/informate-frontend'

ERROR in ./src/index.js 6:0-21
Module not found: Error: Can't resolve '/Users/andreiiacob/informate/Informate/Frontend/informate-frontend/node_modules/css-loader/dist/cjs.js' in '/Users/andreiiacob/informate/Informate/Frontend/informate-frontend'

webpack compiled with 2 errors
Failed to compile.

Module not found: Error: Can't resolve '/Users/andreiiacob/informate/Informate/Frontend/informate-frontend/node_modules/css-loader/dist/cjs.js' in '/Users/andreiiacob/informate/Informate/Frontend/informate-frontend'
LOG from webpack.FileSystemInfo
<w> Managed item /Users/andreiiacob/informate/Informate/Frontend/informate-frontend/node_modules/@pmmmwh/react-refresh-webpack-plugin isn't a directory or doesn't contain a package.json (see snapshot.managedPaths option)
+ 14 hidden lines

ERROR in ./src/App.js 12:0-19
Module not found: Error: Can't resolve '/Users/andreiiacob/informate/Informate/Frontend/informate-frontend/node_modules/css-loader/dist/cjs.js' in '/Users/andreiiacob/informate/Informate/Frontend/informate-frontend'

ERROR in ./src/index.js 6:0-21
Module not found: Error: Can't resolve '/Users/andreiiacob/informate/Informate/Frontend/informate-frontend/node_modules/css-loader/dist/cjs.js' in '/Users/andreiiacob/informate/Informate/Frontend/informate-frontend'

ERROR in ./node_modules/@pmmmwh/react-refresh-webpack-plugin/lib/runtime/RefreshUtils.js
Module build failed (from ./node_modules/source-map-loader/dist/cjs.js):
Error: ENOENT: no such file or directory, open '/Users/andreiiacob/informate/Informate/Frontend/informate-frontend/node_modules/@pmmmwh/react-refresh-webpack-plugin/lib/runtime/RefreshUtils.js'

ERROR in Module not found: Error: Can't resolve '/Users/andreiiacob/informate/Informate/Frontend/informate-frontend/node_modules/@pmmmwh/react-refresh-webpack-plugin/client/ReactRefreshEntry.js' in '/Users/andreiiacob/informate/Informate/Frontend/informate-frontend'

webpack compiled with 4 errors
Failed to compile.

Module not found: Error: Can't resolve '/Users/andreiiacob/informate/Informate/Frontend/informate-frontend/node_modules/css-loader/dist/cjs.js' in '/Users/andreiiacob/informate/Informate/Frontend/informate-frontend'
LOG from webpack.FileSystemInfo
<w> Managed item /Users/andreiiacob/informate/Informate/Frontend/informate-frontend/node_modules/web-vitals isn't a directory or doesn't contain a package.json (see snapshot.managedPaths option)
+ 8 hidden lines

ERROR in ./src/App.js 12:0-19
Module not found: Error: Can't resolve '/Users/andreiiacob/informate/Informate/Frontend/informate-frontend/node_modules/css-loader/dist/cjs.js' in '/Users/andreiiacob/informate/Informate/Frontend/informate-frontend'

ERROR in ./src/index.js 6:0-21
Module not found: Error: Can't resolve '/Users/andreiiacob/informate/Informate/Frontend/informate-frontend/node_modules/css-loader/dist/cjs.js' in '/Users/andreiiacob/informate/Informate/Frontend/informate-frontend'

ERROR in ./node_modules/@pmmmwh/react-refresh-webpack-plugin/lib/runtime/RefreshUtils.js
Module build failed (from ./node_modules/source-map-loader/dist/cjs.js):
Error: ENOENT: no such file or directory, open '/Users/andreiiacob/informate/Informate/Frontend/informate-frontend/node_modules/@pmmmwh/react-refresh-webpack-plugin/lib/runtime/RefreshUtils.js'

ERROR in ./node_modules/web-vitals/dist/web-vitals.js
Module build failed (from ./node_modules/source-map-loader/dist/cjs.js):
Error: ENOENT: no such file or directory, open '/Users/andreiiacob/informate/Informate/Frontend/informate-frontend/node_modules/web-vitals/dist/web-vitals.js'

ERROR in Module not found: Error: Can't resolve '/Users/andreiiacob/informate/Informate/Frontend/informate-frontend/node_modules/@pmmmwh/react-refresh-webpack-plugin/client/ReactRefreshEntry.js' in '/Users/andreiiacob/informate/Informate/Frontend/informate-frontend'

webpack compiled with 5 errors
Failed to compile.

Module not found: Error: Can't resolve '/Users/andreiiacob/informate/Informate/Frontend/informate-frontend/node_modules/css-loader/dist/cjs.js' in '/Users/andreiiacob/informate/Informate/Frontend/informate-frontend'
ERROR in ./src/App.js 12:0-19
Module not found: Error: Can't resolve '/Users/andreiiacob/informate/Informate/Frontend/informate-frontend/node_modules/css-loader/dist/cjs.js' in '/Users/andreiiacob/informate/Informate/Frontend/informate-frontend'

ERROR in ./src/index.js 6:0-21
Module not found: Error: Can't resolve '/Users/andreiiacob/informate/Informate/Frontend/informate-frontend/node_modules/css-loader/dist/cjs.js' in '/Users/andreiiacob/informate/Informate/Frontend/informate-frontend'

ERROR in ./node_modules/@pmmmwh/react-refresh-webpack-plugin/lib/runtime/RefreshUtils.js
Module build failed (from ./node_modules/source-map-loader/dist/cjs.js):
Error: ENOENT: no such file or directory, open '/Users/andreiiacob/informate/Informate/Frontend/informate-frontend/node_modules/@pmmmwh/react-refresh-webpack-plugin/lib/runtime/RefreshUtils.js'

ERROR in ./node_modules/web-vitals/dist/web-vitals.js
Module build failed (from ./node_modules/source-map-loader/dist/cjs.js):
Error: ENOENT: no such file or directory, open '/Users/andreiiacob/informate/Informate/Frontend/informate-frontend/node_modules/web-vitals/dist/web-vitals.js'

ERROR in Module not found: Error: Can't resolve '/Users/andreiiacob/informate/Informate/Frontend/informate-frontend/node_modules/@pmmmwh/react-refresh-webpack-plugin/client/ReactRefreshEntry.js' in '/Users/andreiiacob/informate/Informate/Frontend/informate-frontend'

ERROR in Child compilation failed:
Module not found: Error: Can't resolve '/Users/andreiiacob/informate/Informate/Frontend/informate-frontend/node_modules/html-webpack-plugin/lib/loader.js' in '/Users/andreiiacob/informate/Informate/Frontend/informate-frontend'
ModuleNotFoundError: Module not found: Error: Can't resolve '/Users/andreiiacob/informate/Informate/Frontend/informate-frontend/node_modules/html-webpack-plugin/lib/loader.js' in '/Users/andreiiacob/informate/Informate/Frontend/informate-frontend'
    at /Users/andreiiacob/informate/Informate/Frontend/informate-frontend/node_modules/webpack/lib/Compilation.js:2230:28
    at /Users/andreiiacob/informate/Informate/Frontend/informate-frontend/node_modules/webpack/lib/NormalModuleFactory.js:933:13
    at eval (eval at create (/Users/andreiiacob/informate/Informate/Frontend/informate-frontend/node_modules/tapable/lib/HookCodeFactory.js:33:10), <anonymous>:10:1)
    at /Users/andreiiacob/informate/Informate/Frontend/informate-frontend/node_modules/webpack/lib/NormalModuleFactory.js:347:22
    at eval (eval at create (/Users/andreiiacob/informate/Informate/Frontend/informate-frontend/node_modules/tapable/lib/HookCodeFactory.js:33:10), <anonymous>:9:1)
    at /Users/andreiiacob/informate/Informate/Frontend/informate-frontend/node_modules/webpack/lib/NormalModuleFactory.js:530:22
    at /Users/andreiiacob/informate/Informate/Frontend/informate-frontend/node_modules/webpack/lib/NormalModuleFactory.js:163:10
    at /Users/andreiiacob/informate/Informate/Frontend/informate-frontend/node_modules/webpack/lib/NormalModuleFactory.js:756:23
    at /Users/andreiiacob/informate/Informate/Frontend/informate-frontend/node_modules/neo-async/async.js:2830:7
    at done (/Users/andreiiacob/informate/Informate/Frontend/informate-frontend/node_modules/neo-async/async.js:2925:13)
    at /Users/andreiiacob/informate/Informate/Frontend/informate-frontend/node_modules/webpack/lib/NormalModuleFactory.js:1202:23
    at finishWithoutResolve (/Users/andreiiacob/informate/Informate/Frontend/informate-frontend/node_modules/enhanced-resolve/lib/Resolver.js:570:11)
    at /Users/andreiiacob/informate/Informate/Frontend/informate-frontend/node_modules/enhanced-resolve/lib/Resolver.js:659:14
    at /Users/andreiiacob/informate/Informate/Frontend/informate-frontend/node_modules/enhanced-resolve/lib/Resolver.js:720:5
    at eval (eval at create (/Users/andreiiacob/informate/Informate/Frontend/informate-frontend/node_modules/tapable/lib/HookCodeFactory.js:33:10), <anonymous>:16:1)
    at /Users/andreiiacob/informate/Informate/Frontend/informate-frontend/node_modules/enhanced-resolve/lib/Resolver.js:720:5
    at eval (eval at create (/Users/andreiiacob/informate/Informate/Frontend/informate-frontend/node_modules/tapable/lib/HookCodeFactory.js:33:10), <anonymous>:27:1)
    at /Users/andreiiacob/informate/Informate/Frontend/informate-frontend/node_modules/enhanced-resolve/lib/DescriptionFilePlugin.js:89:43
    at /Users/andreiiacob/informate/Informate/Frontend/informate-frontend/node_modules/enhanced-resolve/lib/Resolver.js:720:5
    at eval (eval at create (/Users/andreiiacob/informate/Informate/Frontend/informate-frontend/node_modules/tapable/lib/HookCodeFactory.js:33:10), <anonymous>:15:1)
    at /Users/andreiiacob/informate/Informate/Frontend/informate-frontend/node_modules/enhanced-resolve/lib/Resolver.js:720:5
    at eval (eval at create (/Users/andreiiacob/informate/Informate/Frontend/informate-frontend/node_modules/tapable/lib/HookCodeFactory.js:33:10), <anonymous>:15:1)
    at /Users/andreiiacob/informate/Informate/Frontend/informate-frontend/node_modules/enhanced-resolve/lib/Resolver.js:720:5
    at eval (eval at create (/Users/andreiiacob/informate/Informate/Frontend/informate-frontend/node_modules/tapable/lib/HookCodeFactory.js:33:10), <anonymous>:16:1)
    at /Users/andreiiacob/informate/Informate/Frontend/informate-frontend/node_modules/enhanced-resolve/lib/Resolver.js:720:5
    at eval (eval at create (/Users/andreiiacob/informate/Informate/Frontend/informate-frontend/node_modules/tapable/lib/HookCodeFactory.js:33:10), <anonymous>:27:1)
    at /Users/andreiiacob/informate/Informate/Frontend/informate-frontend/node_modules/enhanced-resolve/lib/DescriptionFilePlugin.js:89:43
    at /Users/andreiiacob/informate/Informate/Frontend/informate-frontend/node_modules/enhanced-resolve/lib/Resolver.js:720:5
    at eval (eval at create (/Users/andreiiacob/informate/Informate/Frontend/informate-frontend/node_modules/tapable/lib/HookCodeFactory.js:33:10), <anonymous>:16:1)
    at /Users/andreiiacob/informate/Informate/Frontend/informate-frontend/node_modules/enhanced-resolve/lib/Resolver.js:720:5
    at eval (eval at create (/Users/andreiiacob/informate/Informate/Frontend/informate-frontend/node_modules/tapable/lib/HookCodeFactory.js:33:10), <anonymous>:15:1)
    at /Users/andreiiacob/informate/Informate/Frontend/informate-frontend/node_modules/enhanced-resolve/lib/DirectoryExistsPlugin.js:43:15
    at process.processTicksAndRejections (node:internal/process/task_queues:89:21)

1 ERROR in child compilations (Use 'stats.children: true' resp. '--stats-children' for more details)
webpack compiled with 7 errors
Failed to compile.

Module not found: Error: Can't resolve '/Users/andreiiacob/informate/Informate/Frontend/informate-frontend/node_modules/css-loader/dist/cjs.js' in '/Users/andreiiacob/informate/Informate/Frontend/informate-frontend'
LOG from webpack.FileSystemInfo
<w> Managed item /Users/andreiiacob/informate/Informate/Frontend/informate-frontend/node_modules/scheduler isn't a directory or doesn't contain a package.json (see snapshot.managedPaths option)
+ 8 hidden lines

ERROR in ./src/App.js 12:0-19
Module not found: Error: Can't resolve '/Users/andreiiacob/informate/Informate/Frontend/informate-frontend/node_modules/css-loader/dist/cjs.js' in '/Users/andreiiacob/informate/Informate/Frontend/informate-frontend'

ERROR in ./src/index.js 6:0-21
Module not found: Error: Can't resolve '/Users/andreiiacob/informate/Informate/Frontend/informate-frontend/node_modules/css-loader/dist/cjs.js' in '/Users/andreiiacob/informate/Informate/Frontend/informate-frontend'

ERROR in ./node_modules/@pmmmwh/react-refresh-webpack-plugin/lib/runtime/RefreshUtils.js
Module build failed (from ./node_modules/source-map-loader/dist/cjs.js):
Error: ENOENT: no such file or directory, open '/Users/andreiiacob/informate/Informate/Frontend/informate-frontend/node_modules/@pmmmwh/react-refresh-webpack-plugin/lib/runtime/RefreshUtils.js'

ERROR in ./node_modules/scheduler/index.js
Module build failed (from ./node_modules/source-map-loader/dist/cjs.js):
Error: ENOENT: no such file or directory, open '/Users/andreiiacob/informate/Informate/Frontend/informate-frontend/node_modules/scheduler/index.js'

ERROR in ./node_modules/web-vitals/dist/web-vitals.js
Module build failed (from ./node_modules/source-map-loader/dist/cjs.js):
Error: ENOENT: no such file or directory, open '/Users/andreiiacob/informate/Informate/Frontend/informate-frontend/node_modules/web-vitals/dist/web-vitals.js'

ERROR in Module not found: Error: Can't resolve '/Users/andreiiacob/informate/Informate/Frontend/informate-frontend/node_modules/@pmmmwh/react-refresh-webpack-plugin/client/ReactRefreshEntry.js' in '/Users/andreiiacob/informate/Informate/Frontend/informate-frontend'

ERROR in Child compilation failed:
Module not found: Error: Can't resolve '/Users/andreiiacob/informate/Informate/Frontend/informate-frontend/node_modules/html-webpack-plugin/lib/loader.js' in '/Users/andreiiacob/informate/Informate/Frontend/informate-frontend'
ModuleNotFoundError: Module not found: Error: Can't resolve '/Users/andreiiacob/informate/Informate/Frontend/informate-frontend/node_modules/html-webpack-plugin/lib/loader.js' in '/Users/andreiiacob/informate/Informate/Frontend/informate-frontend'
    at /Users/andreiiacob/informate/Informate/Frontend/informate-frontend/node_modules/webpack/lib/Compilation.js:2230:28
    at /Users/andreiiacob/informate/Informate/Frontend/informate-frontend/node_modules/webpack/lib/NormalModuleFactory.js:933:13
    at eval (eval at create (/Users/andreiiacob/informate/Informate/Frontend/informate-frontend/node_modules/tapable/lib/HookCodeFactory.js:33:10), <anonymous>:10:1)
    at /Users/andreiiacob/informate/Informate/Frontend/informate-frontend/node_modules/webpack/lib/NormalModuleFactory.js:347:22
    at eval (eval at create (/Users/andreiiacob/informate/Informate/Frontend/informate-frontend/node_modules/tapable/lib/HookCodeFactory.js:33:10), <anonymous>:9:1)
    at /Users/andreiiacob/informate/Informate/Frontend/informate-frontend/node_modules/webpack/lib/NormalModuleFactory.js:530:22
    at /Users/andreiiacob/informate/Informate/Frontend/informate-frontend/node_modules/webpack/lib/NormalModuleFactory.js:163:10
    at /Users/andreiiacob/informate/Informate/Frontend/informate-frontend/node_modules/webpack/lib/NormalModuleFactory.js:756:23
    at /Users/andreiiacob/informate/Informate/Frontend/informate-frontend/node_modules/neo-async/async.js:2830:7
    at done (/Users/andreiiacob/informate/Informate/Frontend/informate-frontend/node_modules/neo-async/async.js:2925:13)
    at /Users/andreiiacob/informate/Informate/Frontend/informate-frontend/node_modules/webpack/lib/NormalModuleFactory.js:1202:23
    at finishWithoutResolve (/Users/andreiiacob/informate/Informate/Frontend/informate-frontend/node_modules/enhanced-resolve/lib/Resolver.js:570:11)
    at /Users/andreiiacob/informate/Informate/Frontend/informate-frontend/node_modules/enhanced-resolve/lib/Resolver.js:659:14
    at /Users/andreiiacob/informate/Informate/Frontend/informate-frontend/node_modules/enhanced-resolve/lib/Resolver.js:720:5
    at eval (eval at create (/Users/andreiiacob/informate/Informate/Frontend/informate-frontend/node_modules/tapable/lib/HookCodeFactory.js:33:10), <anonymous>:16:1)
    at /Users/andreiiacob/informate/Informate/Frontend/informate-frontend/node_modules/enhanced-resolve/lib/Resolver.js:720:5
    at eval (eval at create (/Users/andreiiacob/informate/Informate/Frontend/informate-frontend/node_modules/tapable/lib/HookCodeFactory.js:33:10), <anonymous>:27:1)
    at /Users/andreiiacob/informate/Informate/Frontend/informate-frontend/node_modules/enhanced-resolve/lib/DescriptionFilePlugin.js:89:43
    at /Users/andreiiacob/informate/Informate/Frontend/informate-frontend/node_modules/enhanced-resolve/lib/Resolver.js:720:5
    at eval (eval at create (/Users/andreiiacob/informate/Informate/Frontend/informate-frontend/node_modules/tapable/lib/HookCodeFactory.js:33:10), <anonymous>:15:1)
    at /Users/andreiiacob/informate/Informate/Frontend/informate-frontend/node_modules/enhanced-resolve/lib/Resolver.js:720:5
    at eval (eval at create (/Users/andreiiacob/informate/Informate/Frontend/informate-frontend/node_modules/tapable/lib/HookCodeFactory.js:33:10), <anonymous>:15:1)
    at /Users/andreiiacob/informate/Informate/Frontend/informate-frontend/node_modules/enhanced-resolve/lib/Resolver.js:720:5
    at eval (eval at create (/Users/andreiiacob/informate/Informate/Frontend/informate-frontend/node_modules/tapable/lib/HookCodeFactory.js:33:10), <anonymous>:16:1)
    at /Users/andreiiacob/informate/Informate/Frontend/informate-frontend/node_modules/enhanced-resolve/lib/Resolver.js:720:5
    at eval (eval at create (/Users/andreiiacob/informate/Informate/Frontend/informate-frontend/node_modules/tapable/lib/HookCodeFactory.js:33:10), <anonymous>:27:1)
    at /Users/andreiiacob/informate/Informate/Frontend/informate-frontend/node_modules/enhanced-resolve/lib/DescriptionFilePlugin.js:89:43
    at /Users/andreiiacob/informate/Informate/Frontend/informate-frontend/node_modules/enhanced-resolve/lib/Resolver.js:720:5
    at eval (eval at create (/Users/andreiiacob/informate/Informate/Frontend/informate-frontend/node_modules/tapable/lib/HookCodeFactory.js:33:10), <anonymous>:16:1)
    at /Users/andreiiacob/informate/Informate/Frontend/informate-frontend/node_modules/enhanced-resolve/lib/Resolver.js:720:5
    at eval (eval at create (/Users/andreiiacob/informate/Informate/Frontend/informate-frontend/node_modules/tapable/lib/HookCodeFactory.js:33:10), <anonymous>:15:1)
    at /Users/andreiiacob/informate/Informate/Frontend/informate-frontend/node_modules/enhanced-resolve/lib/DirectoryExistsPlugin.js:43:15
    at process.processTicksAndRejections (node:internal/process/task_queues:89:21)

webpack compiled with 7 errors
Failed to compile.

Module not found: Error: Can't resolve '/Users/andreiiacob/informate/Informate/Frontend/informate-frontend/node_modules/css-loader/dist/cjs.js' in '/Users/andreiiacob/informate/Informate/Frontend/informate-frontend'
LOG from webpack.FileSystemInfo
<w> Managed item /Users/andreiiacob/informate/Informate/Frontend/informate-frontend/node_modules/react-refresh isn't a directory or doesn't contain a package.json (see snapshot.managedPaths option)
+ 8 hidden lines

ERROR in ./src/App.js 12:0-19
Module not found: Error: Can't resolve '/Users/andreiiacob/informate/Informate/Frontend/informate-frontend/node_modules/css-loader/dist/cjs.js' in '/Users/andreiiacob/informate/Informate/Frontend/informate-frontend'

ERROR in ./src/index.js 6:0-21
Module not found: Error: Can't resolve '/Users/andreiiacob/informate/Informate/Frontend/informate-frontend/node_modules/css-loader/dist/cjs.js' in '/Users/andreiiacob/informate/Informate/Frontend/informate-frontend'

ERROR in ./node_modules/@pmmmwh/react-refresh-webpack-plugin/lib/runtime/RefreshUtils.js
Module build failed (from ./node_modules/source-map-loader/dist/cjs.js):
Error: ENOENT: no such file or directory, open '/Users/andreiiacob/informate/Informate/Frontend/informate-frontend/node_modules/@pmmmwh/react-refresh-webpack-plugin/lib/runtime/RefreshUtils.js'

ERROR in ./node_modules/react-refresh/runtime.js
Module build failed (from ./node_modules/source-map-loader/dist/cjs.js):
Error: ENOENT: no such file or directory, open '/Users/andreiiacob/informate/Informate/Frontend/informate-frontend/node_modules/react-refresh/runtime.js'

ERROR in ./node_modules/scheduler/index.js
Module build failed (from ./node_modules/source-map-loader/dist/cjs.js):
Error: ENOENT: no such file or directory, open '/Users/andreiiacob/informate/Informate/Frontend/informate-frontend/node_modules/scheduler/index.js'

ERROR in ./node_modules/web-vitals/dist/web-vitals.js
Module build failed (from ./node_modules/source-map-loader/dist/cjs.js):
Error: ENOENT: no such file or directory, open '/Users/andreiiacob/informate/Informate/Frontend/informate-frontend/node_modules/web-vitals/dist/web-vitals.js'

ERROR in Module not found: Error: Can't resolve '/Users/andreiiacob/informate/Informate/Frontend/informate-frontend/node_modules/@pmmmwh/react-refresh-webpack-plugin/client/ReactRefreshEntry.js' in '/Users/andreiiacob/informate/Informate/Frontend/informate-frontend'

ERROR in Child compilation failed:
Module not found: Error: Can't resolve '/Users/andreiiacob/informate/Informate/Frontend/informate-frontend/node_modules/html-webpack-plugin/lib/loader.js' in '/Users/andreiiacob/informate/Informate/Frontend/informate-frontend'
ModuleNotFoundError: Module not found: Error: Can't resolve '/Users/andreiiacob/informate/Informate/Frontend/informate-frontend/node_modules/html-webpack-plugin/lib/loader.js' in '/Users/andreiiacob/informate/Informate/Frontend/informate-frontend'
    at /Users/andreiiacob/informate/Informate/Frontend/informate-frontend/node_modules/webpack/lib/Compilation.js:2230:28
    at /Users/andreiiacob/informate/Informate/Frontend/informate-frontend/node_modules/webpack/lib/NormalModuleFactory.js:933:13
    at eval (eval at create (/Users/andreiiacob/informate/Informate/Frontend/informate-frontend/node_modules/tapable/lib/HookCodeFactory.js:33:10), <anonymous>:10:1)
    at /Users/andreiiacob/informate/Informate/Frontend/informate-frontend/node_modules/webpack/lib/NormalModuleFactory.js:347:22
    at eval (eval at create (/Users/andreiiacob/informate/Informate/Frontend/informate-frontend/node_modules/tapable/lib/HookCodeFactory.js:33:10), <anonymous>:9:1)
    at /Users/andreiiacob/informate/Informate/Frontend/informate-frontend/node_modules/webpack/lib/NormalModuleFactory.js:530:22
    at /Users/andreiiacob/informate/Informate/Frontend/informate-frontend/node_modules/webpack/lib/NormalModuleFactory.js:163:10
    at /Users/andreiiacob/informate/Informate/Frontend/informate-frontend/node_modules/webpack/lib/NormalModuleFactory.js:756:23
    at /Users/andreiiacob/informate/Informate/Frontend/informate-frontend/node_modules/neo-async/async.js:2830:7
    at done (/Users/andreiiacob/informate/Informate/Frontend/informate-frontend/node_modules/neo-async/async.js:2925:13)
    at /Users/andreiiacob/informate/Informate/Frontend/informate-frontend/node_modules/webpack/lib/NormalModuleFactory.js:1202:23
    at finishWithoutResolve (/Users/andreiiacob/informate/Informate/Frontend/informate-frontend/node_modules/enhanced-resolve/lib/Resolver.js:570:11)
    at /Users/andreiiacob/informate/Informate/Frontend/informate-frontend/node_modules/enhanced-resolve/lib/Resolver.js:659:14
    at /Users/andreiiacob/informate/Informate/Frontend/informate-frontend/node_modules/enhanced-resolve/lib/Resolver.js:720:5
    at eval (eval at create (/Users/andreiiacob/informate/Informate/Frontend/informate-frontend/node_modules/tapable/lib/HookCodeFactory.js:33:10), <anonymous>:16:1)
    at /Users/andreiiacob/informate/Informate/Frontend/informate-frontend/node_modules/enhanced-resolve/lib/Resolver.js:720:5
    at eval (eval at create (/Users/andreiiacob/informate/Informate/Frontend/informate-frontend/node_modules/tapable/lib/HookCodeFactory.js:33:10), <anonymous>:27:1)
    at /Users/andreiiacob/informate/Informate/Frontend/informate-frontend/node_modules/enhanced-resolve/lib/DescriptionFilePlugin.js:89:43
    at /Users/andreiiacob/informate/Informate/Frontend/informate-frontend/node_modules/enhanced-resolve/lib/Resolver.js:720:5
    at eval (eval at create (/Users/andreiiacob/informate/Informate/Frontend/informate-frontend/node_modules/tapable/lib/HookCodeFactory.js:33:10), <anonymous>:15:1)
    at /Users/andreiiacob/informate/Informate/Frontend/informate-frontend/node_modules/enhanced-resolve/lib/Resolver.js:720:5
    at eval (eval at create (/Users/andreiiacob/informate/Informate/Frontend/informate-frontend/node_modules/tapable/lib/HookCodeFactory.js:33:10), <anonymous>:15:1)
    at /Users/andreiiacob/informate/Informate/Frontend/informate-frontend/node_modules/enhanced-resolve/lib/Resolver.js:720:5
    at eval (eval at create (/Users/andreiiacob/informate/Informate/Frontend/informate-frontend/node_modules/tapable/lib/HookCodeFactory.js:33:10), <anonymous>:16:1)
    at /Users/andreiiacob/informate/Informate/Frontend/informate-frontend/node_modules/enhanced-resolve/lib/Resolver.js:720:5
    at eval (eval at create (/Users/andreiiacob/informate/Informate/Frontend/informate-frontend/node_modules/tapable/lib/HookCodeFactory.js:33:10), <anonymous>:27:1)
    at /Users/andreiiacob/informate/Informate/Frontend/informate-frontend/node_modules/enhanced-resolve/lib/DescriptionFilePlugin.js:89:43
    at /Users/andreiiacob/informate/Informate/Frontend/informate-frontend/node_modules/enhanced-resolve/lib/Resolver.js:720:5
    at eval (eval at create (/Users/andreiiacob/informate/Informate/Frontend/informate-frontend/node_modules/tapable/lib/HookCodeFactory.js:33:10), <anonymous>:16:1)
    at /Users/andreiiacob/informate/Informate/Frontend/informate-frontend/node_modules/enhanced-resolve/lib/Resolver.js:720:5
    at eval (eval at create (/Users/andreiiacob/informate/Informate/Frontend/informate-frontend/node_modules/tapable/lib/HookCodeFactory.js:33:10), <anonymous>:15:1)
    at /Users/andreiiacob/informate/Informate/Frontend/informate-frontend/node_modules/enhanced-resolve/lib/DirectoryExistsPlugin.js:43:15
    at process.processTicksAndRejections (node:internal/process/task_queues:89:21)

webpack compiled with 8 errors
Failed to compile.

Module not found: Error: Can't resolve '/Users/andreiiacob/informate/Informate/Frontend/informate-frontend/node_modules/css-loader/dist/cjs.js' in '/Users/andreiiacob/informate/Informate/Frontend/informate-frontend'
LOG from webpack.FileSystemInfo
<w> Managed item /Users/andreiiacob/informate/Informate/Frontend/informate-frontend/node_modules/react-dom isn't a directory or doesn't contain a package.json (see snapshot.managedPaths option)
+ 8 hidden lines

ERROR in ./src/App.js 12:0-19
Module not found: Error: Can't resolve '/Users/andreiiacob/informate/Informate/Frontend/informate-frontend/node_modules/css-loader/dist/cjs.js' in '/Users/andreiiacob/informate/Informate/Frontend/informate-frontend'

ERROR in ./src/index.js 6:0-21
Module not found: Error: Can't resolve '/Users/andreiiacob/informate/Informate/Frontend/informate-frontend/node_modules/css-loader/dist/cjs.js' in '/Users/andreiiacob/informate/Informate/Frontend/informate-frontend'

ERROR in ./node_modules/@pmmmwh/react-refresh-webpack-plugin/lib/runtime/RefreshUtils.js
Module build failed (from ./node_modules/source-map-loader/dist/cjs.js):
Error: ENOENT: no such file or directory, open '/Users/andreiiacob/informate/Informate/Frontend/informate-frontend/node_modules/@pmmmwh/react-refresh-webpack-plugin/lib/runtime/RefreshUtils.js'

ERROR in ./node_modules/react-dom/client.js
Module build failed (from ./node_modules/source-map-loader/dist/cjs.js):
Error: ENOENT: no such file or directory, open '/Users/andreiiacob/informate/Informate/Frontend/informate-frontend/node_modules/react-dom/client.js'

ERROR in ./node_modules/react-dom/index.js
Module build failed (from ./node_modules/source-map-loader/dist/cjs.js):
Error: ENOENT: no such file or directory, open '/Users/andreiiacob/informate/Informate/Frontend/informate-frontend/node_modules/react-dom/index.js'

ERROR in ./node_modules/react-refresh/runtime.js
Module build failed (from ./node_modules/source-map-loader/dist/cjs.js):
Error: ENOENT: no such file or directory, open '/Users/andreiiacob/informate/Informate/Frontend/informate-frontend/node_modules/react-refresh/runtime.js'

ERROR in ./node_modules/web-vitals/dist/web-vitals.js
Module build failed (from ./node_modules/source-map-loader/dist/cjs.js):
Error: ENOENT: no such file or directory, open '/Users/andreiiacob/informate/Informate/Frontend/informate-frontend/node_modules/web-vitals/dist/web-vitals.js'

ERROR in Module not found: Error: Can't resolve '/Users/andreiiacob/informate/Informate/Frontend/informate-frontend/node_modules/@pmmmwh/react-refresh-webpack-plugin/client/ReactRefreshEntry.js' in '/Users/andreiiacob/informate/Informate/Frontend/informate-frontend'

ERROR in Child compilation failed:
Module not found: Error: Can't resolve '/Users/andreiiacob/informate/Informate/Frontend/informate-frontend/node_modules/html-webpack-plugin/lib/loader.js' in '/Users/andreiiacob/informate/Informate/Frontend/informate-frontend'
ModuleNotFoundError: Module not found: Error: Can't resolve '/Users/andreiiacob/informate/Informate/Frontend/informate-frontend/node_modules/html-webpack-plugin/lib/loader.js' in '/Users/andreiiacob/informate/Informate/Frontend/informate-frontend'
    at /Users/andreiiacob/informate/Informate/Frontend/informate-frontend/node_modules/webpack/lib/Compilation.js:2230:28
    at /Users/andreiiacob/informate/Informate/Frontend/informate-frontend/node_modules/webpack/lib/NormalModuleFactory.js:933:13
    at eval (eval at create (/Users/andreiiacob/informate/Informate/Frontend/informate-frontend/node_modules/tapable/lib/HookCodeFactory.js:33:10), <anonymous>:10:1)
    at /Users/andreiiacob/informate/Informate/Frontend/informate-frontend/node_modules/webpack/lib/NormalModuleFactory.js:347:22
    at eval (eval at create (/Users/andreiiacob/informate/Informate/Frontend/informate-frontend/node_modules/tapable/lib/HookCodeFactory.js:33:10), <anonymous>:9:1)
    at /Users/andreiiacob/informate/Informate/Frontend/informate-frontend/node_modules/webpack/lib/NormalModuleFactory.js:530:22
    at /Users/andreiiacob/informate/Informate/Frontend/informate-frontend/node_modules/webpack/lib/NormalModuleFactory.js:163:10
    at /Users/andreiiacob/informate/Informate/Frontend/informate-frontend/node_modules/webpack/lib/NormalModuleFactory.js:756:23
    at /Users/andreiiacob/informate/Informate/Frontend/informate-frontend/node_modules/neo-async/async.js:2830:7
    at done (/Users/andreiiacob/informate/Informate/Frontend/informate-frontend/node_modules/neo-async/async.js:2925:13)
    at /Users/andreiiacob/informate/Informate/Frontend/informate-frontend/node_modules/webpack/lib/NormalModuleFactory.js:1202:23
    at finishWithoutResolve (/Users/andreiiacob/informate/Informate/Frontend/informate-frontend/node_modules/enhanced-resolve/lib/Resolver.js:570:11)
    at /Users/andreiiacob/informate/Informate/Frontend/informate-frontend/node_modules/enhanced-resolve/lib/Resolver.js:659:14
    at /Users/andreiiacob/informate/Informate/Frontend/informate-frontend/node_modules/enhanced-resolve/lib/Resolver.js:720:5
    at eval (eval at create (/Users/andreiiacob/informate/Informate/Frontend/informate-frontend/node_modules/tapable/lib/HookCodeFactory.js:33:10), <anonymous>:16:1)
    at /Users/andreiiacob/informate/Informate/Frontend/informate-frontend/node_modules/enhanced-resolve/lib/Resolver.js:720:5
    at eval (eval at create (/Users/andreiiacob/informate/Informate/Frontend/informate-frontend/node_modules/tapable/lib/HookCodeFactory.js:33:10), <anonymous>:27:1)
    at /Users/andreiiacob/informate/Informate/Frontend/informate-frontend/node_modules/enhanced-resolve/lib/DescriptionFilePlugin.js:89:43
    at /Users/andreiiacob/informate/Informate/Frontend/informate-frontend/node_modules/enhanced-resolve/lib/Resolver.js:720:5
    at eval (eval at create (/Users/andreiiacob/informate/Informate/Frontend/informate-frontend/node_modules/tapable/lib/HookCodeFactory.js:33:10), <anonymous>:15:1)
    at /Users/andreiiacob/informate/Informate/Frontend/informate-frontend/node_modules/enhanced-resolve/lib/Resolver.js:720:5
    at eval (eval at create (/Users/andreiiacob/informate/Informate/Frontend/informate-frontend/node_modules/tapable/lib/HookCodeFactory.js:33:10), <anonymous>:15:1)
    at /Users/andreiiacob/informate/Informate/Frontend/informate-frontend/node_modules/enhanced-resolve/lib/Resolver.js:720:5
    at eval (eval at create (/Users/andreiiacob/informate/Informate/Frontend/informate-frontend/node_modules/tapable/lib/HookCodeFactory.js:33:10), <anonymous>:16:1)
    at /Users/andreiiacob/informate/Informate/Frontend/informate-frontend/node_modules/enhanced-resolve/lib/Resolver.js:720:5
    at eval (eval at create (/Users/andreiiacob/informate/Informate/Frontend/informate-frontend/node_modules/tapable/lib/HookCodeFactory.js:33:10), <anonymous>:27:1)
    at /Users/andreiiacob/informate/Informate/Frontend/informate-frontend/node_modules/enhanced-resolve/lib/DescriptionFilePlugin.js:89:43
    at /Users/andreiiacob/informate/Informate/Frontend/informate-frontend/node_modules/enhanced-resolve/lib/Resolver.js:720:5
    at eval (eval at create (/Users/andreiiacob/informate/Informate/Frontend/informate-frontend/node_modules/tapable/lib/HookCodeFactory.js:33:10), <anonymous>:16:1)
    at /Users/andreiiacob/informate/Informate/Frontend/informate-frontend/node_modules/enhanced-resolve/lib/Resolver.js:720:5
    at eval (eval at create (/Users/andreiiacob/informate/Informate/Frontend/informate-frontend/node_modules/tapable/lib/HookCodeFactory.js:33:10), <anonymous>:15:1)
    at /Users/andreiiacob/informate/Informate/Frontend/informate-frontend/node_modules/enhanced-resolve/lib/DirectoryExistsPlugin.js:43:15
    at process.processTicksAndRejections (node:internal/process/task_queues:89:21)

webpack compiled with 9 errors
Failed to compile.

Module not found: Error: Can't resolve '/Users/andreiiacob/informate/Informate/Frontend/informate-frontend/node_modules/css-loader/dist/cjs.js' in '/Users/andreiiacob/informate/Informate/Frontend/informate-frontend'
ERROR in ./src/App.js 12:0-19
Module not found: Error: Can't resolve '/Users/andreiiacob/informate/Informate/Frontend/informate-frontend/node_modules/css-loader/dist/cjs.js' in '/Users/andreiiacob/informate/Informate/Frontend/informate-frontend'

ERROR in ./src/index.js 6:0-21
Module not found: Error: Can't resolve '/Users/andreiiacob/informate/Informate/Frontend/informate-frontend/node_modules/css-loader/dist/cjs.js' in '/Users/andreiiacob/informate/Informate/Frontend/informate-frontend'

ERROR in ./node_modules/@pmmmwh/react-refresh-webpack-plugin/lib/runtime/RefreshUtils.js
Module build failed (from ./node_modules/source-map-loader/dist/cjs.js):
Error: ENOENT: no such file or directory, open '/Users/andreiiacob/informate/Informate/Frontend/informate-frontend/node_modules/@pmmmwh/react-refresh-webpack-plugin/lib/runtime/RefreshUtils.js'

ERROR in ./node_modules/react-dom/client.js
Module build failed (from ./node_modules/source-map-loader/dist/cjs.js):
Error: ENOENT: no such file or directory, open '/Users/andreiiacob/informate/Informate/Frontend/informate-frontend/node_modules/react-dom/client.js'

ERROR in ./node_modules/react-dom/index.js
Module build failed (from ./node_modules/source-map-loader/dist/cjs.js):
Error: ENOENT: no such file or directory, open '/Users/andreiiacob/informate/Informate/Frontend/informate-frontend/node_modules/react-dom/index.js'

ERROR in ./node_modules/react-refresh/runtime.js
Module build failed (from ./node_modules/source-map-loader/dist/cjs.js):
Error: ENOENT: no such file or directory, open '/Users/andreiiacob/informate/Informate/Frontend/informate-frontend/node_modules/react-refresh/runtime.js'

ERROR in ./node_modules/web-vitals/dist/web-vitals.js
Module build failed (from ./node_modules/source-map-loader/dist/cjs.js):
Error: ENOENT: no such file or directory, open '/Users/andreiiacob/informate/Informate/Frontend/informate-frontend/node_modules/web-vitals/dist/web-vitals.js'

ERROR in Module not found: Error: Can't resolve '/Users/andreiiacob/informate/Informate/Frontend/informate-frontend/node_modules/@pmmmwh/react-refresh-webpack-plugin/client/ReactRefreshEntry.js' in '/Users/andreiiacob/informate/Informate/Frontend/informate-frontend'

ERROR in Child compilation failed:
Module not found: Error: Can't resolve '/Users/andreiiacob/informate/Informate/Frontend/informate-frontend/node_modules/html-webpack-plugin/lib/loader.js' in '/Users/andreiiacob/informate/Informate/Frontend/informate-frontend'
ModuleNotFoundError: Module not found: Error: Can't resolve '/Users/andreiiacob/informate/Informate/Frontend/informate-frontend/node_modules/html-webpack-plugin/lib/loader.js' in '/Users/andreiiacob/informate/Informate/Frontend/informate-frontend'
    at /Users/andreiiacob/informate/Informate/Frontend/informate-frontend/node_modules/webpack/lib/Compilation.js:2230:28
    at /Users/andreiiacob/informate/Informate/Frontend/informate-frontend/node_modules/webpack/lib/NormalModuleFactory.js:933:13
    at eval (eval at create (/Users/andreiiacob/informate/Informate/Frontend/informate-frontend/node_modules/tapable/lib/HookCodeFactory.js:33:10), <anonymous>:10:1)
    at /Users/andreiiacob/informate/Informate/Frontend/informate-frontend/node_modules/webpack/lib/NormalModuleFactory.js:347:22
    at eval (eval at create (/Users/andreiiacob/informate/Informate/Frontend/informate-frontend/node_modules/tapable/lib/HookCodeFactory.js:33:10), <anonymous>:9:1)
    at /Users/andreiiacob/informate/Informate/Frontend/informate-frontend/node_modules/webpack/lib/NormalModuleFactory.js:530:22
    at /Users/andreiiacob/informate/Informate/Frontend/informate-frontend/node_modules/webpack/lib/NormalModuleFactory.js:163:10
    at /Users/andreiiacob/informate/Informate/Frontend/informate-frontend/node_modules/webpack/lib/NormalModuleFactory.js:756:23
    at /Users/andreiiacob/informate/Informate/Frontend/informate-frontend/node_modules/neo-async/async.js:2830:7
    at done (/Users/andreiiacob/informate/Informate/Frontend/informate-frontend/node_modules/neo-async/async.js:2925:13)
    at /Users/andreiiacob/informate/Informate/Frontend/informate-frontend/node_modules/webpack/lib/NormalModuleFactory.js:1202:23
    at finishWithoutResolve (/Users/andreiiacob/informate/Informate/Frontend/informate-frontend/node_modules/enhanced-resolve/lib/Resolver.js:570:11)
    at /Users/andreiiacob/informate/Informate/Frontend/informate-frontend/node_modules/enhanced-resolve/lib/Resolver.js:659:14
    at /Users/andreiiacob/informate/Informate/Frontend/informate-frontend/node_modules/enhanced-resolve/lib/Resolver.js:720:5
    at eval (eval at create (/Users/andreiiacob/informate/Informate/Frontend/informate-frontend/node_modules/tapable/lib/HookCodeFactory.js:33:10), <anonymous>:16:1)
    at /Users/andreiiacob/informate/Informate/Frontend/informate-frontend/node_modules/enhanced-resolve/lib/Resolver.js:720:5
    at eval (eval at create (/Users/andreiiacob/informate/Informate/Frontend/informate-frontend/node_modules/tapable/lib/HookCodeFactory.js:33:10), <anonymous>:27:1)
    at /Users/andreiiacob/informate/Informate/Frontend/informate-frontend/node_modules/enhanced-resolve/lib/DescriptionFilePlugin.js:89:43
    at /Users/andreiiacob/informate/Informate/Frontend/informate-frontend/node_modules/enhanced-resolve/lib/Resolver.js:720:5
    at eval (eval at create (/Users/andreiiacob/informate/Informate/Frontend/informate-frontend/node_modules/tapable/lib/HookCodeFactory.js:33:10), <anonymous>:15:1)
    at /Users/andreiiacob/informate/Informate/Frontend/informate-frontend/node_modules/enhanced-resolve/lib/Resolver.js:720:5
    at eval (eval at create (/Users/andreiiacob/informate/Informate/Frontend/informate-frontend/node_modules/tapable/lib/HookCodeFactory.js:33:10), <anonymous>:15:1)
    at /Users/andreiiacob/informate/Informate/Frontend/informate-frontend/node_modules/enhanced-resolve/lib/Resolver.js:720:5
    at eval (eval at create (/Users/andreiiacob/informate/Informate/Frontend/informate-frontend/node_modules/tapable/lib/HookCodeFactory.js:33:10), <anonymous>:16:1)
    at /Users/andreiiacob/informate/Informate/Frontend/informate-frontend/node_modules/enhanced-resolve/lib/Resolver.js:720:5
    at eval (eval at create (/Users/andreiiacob/informate/Informate/Frontend/informate-frontend/node_modules/tapable/lib/HookCodeFactory.js:33:10), <anonymous>:27:1)
    at /Users/andreiiacob/informate/Informate/Frontend/informate-frontend/node_modules/enhanced-resolve/lib/DescriptionFilePlugin.js:89:43
    at /Users/andreiiacob/informate/Informate/Frontend/informate-frontend/node_modules/enhanced-resolve/lib/Resolver.js:720:5
    at eval (eval at create (/Users/andreiiacob/informate/Informate/Frontend/informate-frontend/node_modules/tapable/lib/HookCodeFactory.js:33:10), <anonymous>:16:1)
    at /Users/andreiiacob/informate/Informate/Frontend/informate-frontend/node_modules/enhanced-resolve/lib/Resolver.js:720:5
    at eval (eval at create (/Users/andreiiacob/informate/Informate/Frontend/informate-frontend/node_modules/tapable/lib/HookCodeFactory.js:33:10), <anonymous>:15:1)
    at /Users/andreiiacob/informate/Informate/Frontend/informate-frontend/node_modules/enhanced-resolve/lib/DirectoryExistsPlugin.js:43:15
    at process.processTicksAndRejections (node:internal/process/task_queues:89:21)

webpack compiled with 9 errors
Failed to compile.

Module not found: Error: Can't resolve '/Users/andreiiacob/informate/Informate/Frontend/informate-frontend/node_modules/css-loader/dist/cjs.js' in '/Users/andreiiacob/informate/Informate/Frontend/informate-frontend'
LOG from webpack.FileSystemInfo
<w> Managed item /Users/andreiiacob/informate/Informate/Frontend/informate-frontend/node_modules/webpack-dev-server isn't a directory or doesn't contain a package.json (see snapshot.managedPaths option)
+ 12 hidden lines

ERROR in ./src/App.js 12:0-19
Module not found: Error: Can't resolve '/Users/andreiiacob/informate/Informate/Frontend/informate-frontend/node_modules/css-loader/dist/cjs.js' in '/Users/andreiiacob/informate/Informate/Frontend/informate-frontend'

ERROR in ./src/index.js 6:0-21
Module not found: Error: Can't resolve '/Users/andreiiacob/informate/Informate/Frontend/informate-frontend/node_modules/css-loader/dist/cjs.js' in '/Users/andreiiacob/informate/Informate/Frontend/informate-frontend'

ERROR in ./node_modules/@pmmmwh/react-refresh-webpack-plugin/lib/runtime/RefreshUtils.js
Module build failed (from ./node_modules/source-map-loader/dist/cjs.js):
Error: ENOENT: no such file or directory, open '/Users/andreiiacob/informate/Informate/Frontend/informate-frontend/node_modules/@pmmmwh/react-refresh-webpack-plugin/lib/runtime/RefreshUtils.js'

ERROR in ./node_modules/react-dom/client.js
Module build failed (from ./node_modules/source-map-loader/dist/cjs.js):
Error: ENOENT: no such file or directory, open '/Users/andreiiacob/informate/Informate/Frontend/informate-frontend/node_modules/react-dom/client.js'

ERROR in ./node_modules/react-dom/index.js
Module build failed (from ./node_modules/source-map-loader/dist/cjs.js):
Error: ENOENT: no such file or directory, open '/Users/andreiiacob/informate/Informate/Frontend/informate-frontend/node_modules/react-dom/index.js'

ERROR in ./node_modules/react-refresh/runtime.js
Module build failed (from ./node_modules/source-map-loader/dist/cjs.js):
Error: ENOENT: no such file or directory, open '/Users/andreiiacob/informate/Informate/Frontend/informate-frontend/node_modules/react-refresh/runtime.js'

ERROR in ./node_modules/web-vitals/dist/web-vitals.js
Module build failed (from ./node_modules/source-map-loader/dist/cjs.js):
Error: ENOENT: no such file or directory, open '/Users/andreiiacob/informate/Informate/Frontend/informate-frontend/node_modules/web-vitals/dist/web-vitals.js'

ERROR in Module not found: Error: Can't resolve '/Users/andreiiacob/informate/Informate/Frontend/informate-frontend/node_modules/@pmmmwh/react-refresh-webpack-plugin/client/ReactRefreshEntry.js' in '/Users/andreiiacob/informate/Informate/Frontend/informate-frontend'

ERROR in Module not found: Error: Can't resolve '/Users/andreiiacob/informate/Informate/Frontend/informate-frontend/node_modules/webpack-dev-server/client/index.js?protocol=ws%3A&hostname=0.0.0.0&port=3000&pathname=%2Fws&logging=none&overlay=%7B%22errors%22%3Atrue%2C%22warnings%22%3Afalse%7D&reconnect=10&hot=true&live-reload=true' in '/Users/andreiiacob/informate/Informate/Frontend/informate-frontend'

ERROR in Child compilation failed:
Module not found: Error: Can't resolve '/Users/andreiiacob/informate/Informate/Frontend/informate-frontend/node_modules/html-webpack-plugin/lib/loader.js' in '/Users/andreiiacob/informate/Informate/Frontend/informate-frontend'
ModuleNotFoundError: Module not found: Error: Can't resolve '/Users/andreiiacob/informate/Informate/Frontend/informate-frontend/node_modules/html-webpack-plugin/lib/loader.js' in '/Users/andreiiacob/informate/Informate/Frontend/informate-frontend'
    at /Users/andreiiacob/informate/Informate/Frontend/informate-frontend/node_modules/webpack/lib/Compilation.js:2230:28
    at /Users/andreiiacob/informate/Informate/Frontend/informate-frontend/node_modules/webpack/lib/NormalModuleFactory.js:933:13
    at eval (eval at create (/Users/andreiiacob/informate/Informate/Frontend/informate-frontend/node_modules/tapable/lib/HookCodeFactory.js:33:10), <anonymous>:10:1)
    at /Users/andreiiacob/informate/Informate/Frontend/informate-frontend/node_modules/webpack/lib/NormalModuleFactory.js:347:22
    at eval (eval at create (/Users/andreiiacob/informate/Informate/Frontend/informate-frontend/node_modules/tapable/lib/HookCodeFactory.js:33:10), <anonymous>:9:1)
    at /Users/andreiiacob/informate/Informate/Frontend/informate-frontend/node_modules/webpack/lib/NormalModuleFactory.js:530:22
    at /Users/andreiiacob/informate/Informate/Frontend/informate-frontend/node_modules/webpack/lib/NormalModuleFactory.js:163:10
    at /Users/andreiiacob/informate/Informate/Frontend/informate-frontend/node_modules/webpack/lib/NormalModuleFactory.js:756:23
    at /Users/andreiiacob/informate/Informate/Frontend/informate-frontend/node_modules/neo-async/async.js:2830:7
    at done (/Users/andreiiacob/informate/Informate/Frontend/informate-frontend/node_modules/neo-async/async.js:2925:13)
    at /Users/andreiiacob/informate/Informate/Frontend/informate-frontend/node_modules/webpack/lib/NormalModuleFactory.js:1202:23
    at finishWithoutResolve (/Users/andreiiacob/informate/Informate/Frontend/informate-frontend/node_modules/enhanced-resolve/lib/Resolver.js:570:11)
    at /Users/andreiiacob/informate/Informate/Frontend/informate-frontend/node_modules/enhanced-resolve/lib/Resolver.js:659:14
    at /Users/andreiiacob/informate/Informate/Frontend/informate-frontend/node_modules/enhanced-resolve/lib/Resolver.js:720:5
    at eval (eval at create (/Users/andreiiacob/informate/Informate/Frontend/informate-frontend/node_modules/tapable/lib/HookCodeFactory.js:33:10), <anonymous>:16:1)
    at /Users/andreiiacob/informate/Informate/Frontend/informate-frontend/node_modules/enhanced-resolve/lib/Resolver.js:720:5
    at eval (eval at create (/Users/andreiiacob/informate/Informate/Frontend/informate-frontend/node_modules/tapable/lib/HookCodeFactory.js:33:10), <anonymous>:27:1)
    at /Users/andreiiacob/informate/Informate/Frontend/informate-frontend/node_modules/enhanced-resolve/lib/DescriptionFilePlugin.js:89:43
    at /Users/andreiiacob/informate/Informate/Frontend/informate-frontend/node_modules/enhanced-resolve/lib/Resolver.js:720:5
    at eval (eval at create (/Users/andreiiacob/informate/Informate/Frontend/informate-frontend/node_modules/tapable/lib/HookCodeFactory.js:33:10), <anonymous>:15:1)
    at /Users/andreiiacob/informate/Informate/Frontend/informate-frontend/node_modules/enhanced-resolve/lib/Resolver.js:720:5
    at eval (eval at create (/Users/andreiiacob/informate/Informate/Frontend/informate-frontend/node_modules/tapable/lib/HookCodeFactory.js:33:10), <anonymous>:15:1)
    at /Users/andreiiacob/informate/Informate/Frontend/informate-frontend/node_modules/enhanced-resolve/lib/Resolver.js:720:5
    at eval (eval at create (/Users/andreiiacob/informate/Informate/Frontend/informate-frontend/node_modules/tapable/lib/HookCodeFactory.js:33:10), <anonymous>:16:1)
    at /Users/andreiiacob/informate/Informate/Frontend/informate-frontend/node_modules/enhanced-resolve/lib/Resolver.js:720:5
    at eval (eval at create (/Users/andreiiacob/informate/Informate/Frontend/informate-frontend/node_modules/tapable/lib/HookCodeFactory.js:33:10), <anonymous>:27:1)
    at /Users/andreiiacob/informate/Informate/Frontend/informate-frontend/node_modules/enhanced-resolve/lib/DescriptionFilePlugin.js:89:43
    at /Users/andreiiacob/informate/Informate/Frontend/informate-frontend/node_modules/enhanced-resolve/lib/Resolver.js:720:5
    at eval (eval at create (/Users/andreiiacob/informate/Informate/Frontend/informate-frontend/node_modules/tapable/lib/HookCodeFactory.js:33:10), <anonymous>:16:1)
    at /Users/andreiiacob/informate/Informate/Frontend/informate-frontend/node_modules/enhanced-resolve/lib/Resolver.js:720:5
    at eval (eval at create (/Users/andreiiacob/informate/Informate/Frontend/informate-frontend/node_modules/tapable/lib/HookCodeFactory.js:33:10), <anonymous>:15:1)
    at /Users/andreiiacob/informate/Informate/Frontend/informate-frontend/node_modules/enhanced-resolve/lib/DirectoryExistsPlugin.js:43:15
    at process.processTicksAndRejections (node:internal/process/task_queues:89:21)

webpack compiled with 10 errors
Failed to compile.

Module not found: Error: Can't resolve '/Users/andreiiacob/informate/Informate/Frontend/informate-frontend/node_modules/css-loader/dist/cjs.js' in '/Users/andreiiacob/informate/Informate/Frontend/informate-frontend'
ERROR in ./src/App.js 12:0-19
Module not found: Error: Can't resolve '/Users/andreiiacob/informate/Informate/Frontend/informate-frontend/node_modules/css-loader/dist/cjs.js' in '/Users/andreiiacob/informate/Informate/Frontend/informate-frontend'

ERROR in ./src/index.js 6:0-21
Module not found: Error: Can't resolve '/Users/andreiiacob/informate/Informate/Frontend/informate-frontend/node_modules/css-loader/dist/cjs.js' in '/Users/andreiiacob/informate/Informate/Frontend/informate-frontend'

ERROR in ./node_modules/@pmmmwh/react-refresh-webpack-plugin/lib/runtime/RefreshUtils.js
Module build failed (from ./node_modules/source-map-loader/dist/cjs.js):
Error: ENOENT: no such file or directory, open '/Users/andreiiacob/informate/Informate/Frontend/informate-frontend/node_modules/@pmmmwh/react-refresh-webpack-plugin/lib/runtime/RefreshUtils.js'

ERROR in ./node_modules/react-dom/client.js
Module build failed (from ./node_modules/source-map-loader/dist/cjs.js):
Error: ENOENT: no such file or directory, open '/Users/andreiiacob/informate/Informate/Frontend/informate-frontend/node_modules/react-dom/client.js'

ERROR in ./node_modules/react-refresh/runtime.js
Module build failed (from ./node_modules/source-map-loader/dist/cjs.js):
Error: ENOENT: no such file or directory, open '/Users/andreiiacob/informate/Informate/Frontend/informate-frontend/node_modules/react-refresh/runtime.js'

ERROR in ./node_modules/web-vitals/dist/web-vitals.js
Module build failed (from ./node_modules/source-map-loader/dist/cjs.js):
Error: ENOENT: no such file or directory, open '/Users/andreiiacob/informate/Informate/Frontend/informate-frontend/node_modules/web-vitals/dist/web-vitals.js'

ERROR in ./node_modules/react-router-dom/dist/index.mjs
Module build failed (from ./node_modules/source-map-loader/dist/cjs.js):
Error: ENOENT: no such file or directory, open '/Users/andreiiacob/informate/Informate/Frontend/informate-frontend/node_modules/react-router-dom/dist/index.mjs'

ERROR in Module not found: Error: Can't resolve '/Users/andreiiacob/informate/Informate/Frontend/informate-frontend/node_modules/@pmmmwh/react-refresh-webpack-plugin/client/ReactRefreshEntry.js' in '/Users/andreiiacob/informate/Informate/Frontend/informate-frontend'

ERROR in Module not found: Error: Can't resolve '/Users/andreiiacob/informate/Informate/Frontend/informate-frontend/node_modules/webpack-dev-server/client/index.js?protocol=ws%3A&hostname=0.0.0.0&port=3000&pathname=%2Fws&logging=none&overlay=%7B%22errors%22%3Atrue%2C%22warnings%22%3Afalse%7D&reconnect=10&hot=true&live-reload=true' in '/Users/andreiiacob/informate/Informate/Frontend/informate-frontend'

ERROR in Module not found: Error: Can't resolve '/Users/andreiiacob/informate/Informate/Frontend/informate-frontend/node_modules/webpack/hot/dev-server.js' in '/Users/andreiiacob/informate/Informate/Frontend/informate-frontend'

ERROR in Child compilation failed:
Module not found: Error: Can't resolve '/Users/andreiiacob/informate/Informate/Frontend/informate-frontend/node_modules/html-webpack-plugin/lib/loader.js' in '/Users/andreiiacob/informate/Informate/Frontend/informate-frontend'
ModuleNotFoundError: Module not found: Error: Can't resolve '/Users/andreiiacob/informate/Informate/Frontend/informate-frontend/node_modules/html-webpack-plugin/lib/loader.js' in '/Users/andreiiacob/informate/Informate/Frontend/informate-frontend'
    at /Users/andreiiacob/informate/Informate/Frontend/informate-frontend/node_modules/webpack/lib/Compilation.js:2230:28
    at /Users/andreiiacob/informate/Informate/Frontend/informate-frontend/node_modules/webpack/lib/NormalModuleFactory.js:933:13
    at eval (eval at create (/Users/andreiiacob/informate/Informate/Frontend/informate-frontend/node_modules/tapable/lib/HookCodeFactory.js:33:10), <anonymous>:10:1)
    at /Users/andreiiacob/informate/Informate/Frontend/informate-frontend/node_modules/webpack/lib/NormalModuleFactory.js:347:22
    at eval (eval at create (/Users/andreiiacob/informate/Informate/Frontend/informate-frontend/node_modules/tapable/lib/HookCodeFactory.js:33:10), <anonymous>:9:1)
    at /Users/andreiiacob/informate/Informate/Frontend/informate-frontend/node_modules/webpack/lib/NormalModuleFactory.js:530:22
    at /Users/andreiiacob/informate/Informate/Frontend/informate-frontend/node_modules/webpack/lib/NormalModuleFactory.js:163:10
    at /Users/andreiiacob/informate/Informate/Frontend/informate-frontend/node_modules/webpack/lib/NormalModuleFactory.js:756:23
    at /Users/andreiiacob/informate/Informate/Frontend/informate-frontend/node_modules/neo-async/async.js:2830:7
    at done (/Users/andreiiacob/informate/Informate/Frontend/informate-frontend/node_modules/neo-async/async.js:2925:13)
    at /Users/andreiiacob/informate/Informate/Frontend/informate-frontend/node_modules/webpack/lib/NormalModuleFactory.js:1202:23
    at finishWithoutResolve (/Users/andreiiacob/informate/Informate/Frontend/informate-frontend/node_modules/enhanced-resolve/lib/Resolver.js:570:11)
    at /Users/andreiiacob/informate/Informate/Frontend/informate-frontend/node_modules/enhanced-resolve/lib/Resolver.js:659:14
    at /Users/andreiiacob/informate/Informate/Frontend/informate-frontend/node_modules/enhanced-resolve/lib/Resolver.js:720:5
    at eval (eval at create (/Users/andreiiacob/informate/Informate/Frontend/informate-frontend/node_modules/tapable/lib/HookCodeFactory.js:33:10), <anonymous>:16:1)
    at /Users/andreiiacob/informate/Informate/Frontend/informate-frontend/node_modules/enhanced-resolve/lib/Resolver.js:720:5
    at eval (eval at create (/Users/andreiiacob/informate/Informate/Frontend/informate-frontend/node_modules/tapable/lib/HookCodeFactory.js:33:10), <anonymous>:27:1)
    at /Users/andreiiacob/informate/Informate/Frontend/informate-frontend/node_modules/enhanced-resolve/lib/DescriptionFilePlugin.js:89:43
    at /Users/andreiiacob/informate/Informate/Frontend/informate-frontend/node_modules/enhanced-resolve/lib/Resolver.js:720:5
    at eval (eval at create (/Users/andreiiacob/informate/Informate/Frontend/informate-frontend/node_modules/tapable/lib/HookCodeFactory.js:33:10), <anonymous>:15:1)
    at /Users/andreiiacob/informate/Informate/Frontend/informate-frontend/node_modules/enhanced-resolve/lib/Resolver.js:720:5
    at eval (eval at create (/Users/andreiiacob/informate/Informate/Frontend/informate-frontend/node_modules/tapable/lib/HookCodeFactory.js:33:10), <anonymous>:15:1)
    at /Users/andreiiacob/informate/Informate/Frontend/informate-frontend/node_modules/enhanced-resolve/lib/Resolver.js:720:5
    at eval (eval at create (/Users/andreiiacob/informate/Informate/Frontend/informate-frontend/node_modules/tapable/lib/HookCodeFactory.js:33:10), <anonymous>:16:1)
    at /Users/andreiiacob/informate/Informate/Frontend/informate-frontend/node_modules/enhanced-resolve/lib/Resolver.js:720:5
    at eval (eval at create (/Users/andreiiacob/informate/Informate/Frontend/informate-frontend/node_modules/tapable/lib/HookCodeFactory.js:33:10), <anonymous>:27:1)
    at /Users/andreiiacob/informate/Informate/Frontend/informate-frontend/node_modules/enhanced-resolve/lib/DescriptionFilePlugin.js:89:43
    at /Users/andreiiacob/informate/Informate/Frontend/informate-frontend/node_modules/enhanced-resolve/lib/Resolver.js:720:5
    at eval (eval at create (/Users/andreiiacob/informate/Informate/Frontend/informate-frontend/node_modules/tapable/lib/HookCodeFactory.js:33:10), <anonymous>:16:1)
    at /Users/andreiiacob/informate/Informate/Frontend/informate-frontend/node_modules/enhanced-resolve/lib/Resolver.js:720:5
    at eval (eval at create (/Users/andreiiacob/informate/Informate/Frontend/informate-frontend/node_modules/tapable/lib/HookCodeFactory.js:33:10), <anonymous>:15:1)
    at /Users/andreiiacob/informate/Informate/Frontend/informate-frontend/node_modules/enhanced-resolve/lib/DirectoryExistsPlugin.js:43:15
    at process.processTicksAndRejections (node:internal/process/task_queues:89:21)

webpack compiled with 11 errors
Failed to compile.

Module not found: Error: Can't resolve '/Users/andreiiacob/informate/Informate/Frontend/informate-frontend/node_modules/@pmmmwh/react-refresh-webpack-plugin/client/ReactRefreshEntry.js' in '/Users/andreiiacob/informate/Informate/Frontend/informate-frontend'
ERROR in Module not found: Error: Can't resolve '/Users/andreiiacob/informate/Informate/Frontend/informate-frontend/node_modules/@pmmmwh/react-refresh-webpack-plugin/client/ReactRefreshEntry.js' in '/Users/andreiiacob/informate/Informate/Frontend/informate-frontend'

ERROR in main
Module not found: Error: Can't resolve '/Users/andreiiacob/informate/Informate/Frontend/informate-frontend/node_modules/source-map-loader/dist/cjs.js' in '/Users/andreiiacob/informate/Informate/Frontend/informate-frontend'

ERROR in Module not found: Error: Can't resolve '/Users/andreiiacob/informate/Informate/Frontend/informate-frontend/node_modules/webpack-dev-server/client/index.js?protocol=ws%3A&hostname=0.0.0.0&port=3000&pathname=%2Fws&logging=none&overlay=%7B%22errors%22%3Atrue%2C%22warnings%22%3Afalse%7D&reconnect=10&hot=true&live-reload=true' in '/Users/andreiiacob/informate/Informate/Frontend/informate-frontend'

ERROR in Module not found: Error: Can't resolve '/Users/andreiiacob/informate/Informate/Frontend/informate-frontend/node_modules/webpack/hot/dev-server.js' in '/Users/andreiiacob/informate/Informate/Frontend/informate-frontend'

ERROR in Child compilation failed:
Module not found: Error: Can't resolve '/Users/andreiiacob/informate/Informate/Frontend/informate-frontend/node_modules/html-webpack-plugin/lib/loader.js' in '/Users/andreiiacob/informate/Informate/Frontend/informate-frontend'
ModuleNotFoundError: Module not found: Error: Can't resolve '/Users/andreiiacob/informate/Informate/Frontend/informate-frontend/node_modules/html-webpack-plugin/lib/loader.js' in '/Users/andreiiacob/informate/Informate/Frontend/informate-frontend'
    at /Users/andreiiacob/informate/Informate/Frontend/informate-frontend/node_modules/webpack/lib/Compilation.js:2230:28
    at /Users/andreiiacob/informate/Informate/Frontend/informate-frontend/node_modules/webpack/lib/NormalModuleFactory.js:933:13
    at eval (eval at create (/Users/andreiiacob/informate/Informate/Frontend/informate-frontend/node_modules/tapable/lib/HookCodeFactory.js:33:10), <anonymous>:10:1)
    at /Users/andreiiacob/informate/Informate/Frontend/informate-frontend/node_modules/webpack/lib/NormalModuleFactory.js:347:22
    at eval (eval at create (/Users/andreiiacob/informate/Informate/Frontend/informate-frontend/node_modules/tapable/lib/HookCodeFactory.js:33:10), <anonymous>:9:1)
    at /Users/andreiiacob/informate/Informate/Frontend/informate-frontend/node_modules/webpack/lib/NormalModuleFactory.js:530:22
    at /Users/andreiiacob/informate/Informate/Frontend/informate-frontend/node_modules/webpack/lib/NormalModuleFactory.js:163:10
    at /Users/andreiiacob/informate/Informate/Frontend/informate-frontend/node_modules/webpack/lib/NormalModuleFactory.js:756:23
    at /Users/andreiiacob/informate/Informate/Frontend/informate-frontend/node_modules/neo-async/async.js:2830:7
    at done (/Users/andreiiacob/informate/Informate/Frontend/informate-frontend/node_modules/neo-async/async.js:2925:13)
    at /Users/andreiiacob/informate/Informate/Frontend/informate-frontend/node_modules/webpack/lib/NormalModuleFactory.js:1202:23
    at finishWithoutResolve (/Users/andreiiacob/informate/Informate/Frontend/informate-frontend/node_modules/enhanced-resolve/lib/Resolver.js:570:11)
    at /Users/andreiiacob/informate/Informate/Frontend/informate-frontend/node_modules/enhanced-resolve/lib/Resolver.js:659:14
    at /Users/andreiiacob/informate/Informate/Frontend/informate-frontend/node_modules/enhanced-resolve/lib/Resolver.js:720:5
    at eval (eval at create (/Users/andreiiacob/informate/Informate/Frontend/informate-frontend/node_modules/tapable/lib/HookCodeFactory.js:33:10), <anonymous>:16:1)
    at /Users/andreiiacob/informate/Informate/Frontend/informate-frontend/node_modules/enhanced-resolve/lib/Resolver.js:720:5
    at eval (eval at create (/Users/andreiiacob/informate/Informate/Frontend/informate-frontend/node_modules/tapable/lib/HookCodeFactory.js:33:10), <anonymous>:27:1)
    at /Users/andreiiacob/informate/Informate/Frontend/informate-frontend/node_modules/enhanced-resolve/lib/DescriptionFilePlugin.js:89:43
    at /Users/andreiiacob/informate/Informate/Frontend/informate-frontend/node_modules/enhanced-resolve/lib/Resolver.js:720:5
    at eval (eval at create (/Users/andreiiacob/informate/Informate/Frontend/informate-frontend/node_modules/tapable/lib/HookCodeFactory.js:33:10), <anonymous>:15:1)
    at /Users/andreiiacob/informate/Informate/Frontend/informate-frontend/node_modules/enhanced-resolve/lib/Resolver.js:720:5
    at eval (eval at create (/Users/andreiiacob/informate/Informate/Frontend/informate-frontend/node_modules/tapable/lib/HookCodeFactory.js:33:10), <anonymous>:15:1)
    at /Users/andreiiacob/informate/Informate/Frontend/informate-frontend/node_modules/enhanced-resolve/lib/Resolver.js:720:5
    at eval (eval at create (/Users/andreiiacob/informate/Informate/Frontend/informate-frontend/node_modules/tapable/lib/HookCodeFactory.js:33:10), <anonymous>:16:1)
    at /Users/andreiiacob/informate/Informate/Frontend/informate-frontend/node_modules/enhanced-resolve/lib/Resolver.js:720:5
    at eval (eval at create (/Users/andreiiacob/informate/Informate/Frontend/informate-frontend/node_modules/tapable/lib/HookCodeFactory.js:33:10), <anonymous>:27:1)
    at /Users/andreiiacob/informate/Informate/Frontend/informate-frontend/node_modules/enhanced-resolve/lib/DescriptionFilePlugin.js:89:43
    at /Users/andreiiacob/informate/Informate/Frontend/informate-frontend/node_modules/enhanced-resolve/lib/Resolver.js:720:5
    at eval (eval at create (/Users/andreiiacob/informate/Informate/Frontend/informate-frontend/node_modules/tapable/lib/HookCodeFactory.js:33:10), <anonymous>:16:1)
    at /Users/andreiiacob/informate/Informate/Frontend/informate-frontend/node_modules/enhanced-resolve/lib/Resolver.js:720:5
    at eval (eval at create (/Users/andreiiacob/informate/Informate/Frontend/informate-frontend/node_modules/tapable/lib/HookCodeFactory.js:33:10), <anonymous>:15:1)
    at /Users/andreiiacob/informate/Informate/Frontend/informate-frontend/node_modules/enhanced-resolve/lib/DirectoryExistsPlugin.js:43:15
    at process.processTicksAndRejections (node:internal/process/task_queues:89:21)

webpack compiled with 5 errors
Failed to compile.

Module not found: Error: Can't resolve '/Users/andreiiacob/informate/Informate/Frontend/informate-frontend/node_modules/@pmmmwh/react-refresh-webpack-plugin/client/ReactRefreshEntry.js' in '/Users/andreiiacob/informate/Informate/Frontend/informate-frontend'
ERROR in Module not found: Error: Can't resolve '/Users/andreiiacob/informate/Informate/Frontend/informate-frontend/node_modules/@pmmmwh/react-refresh-webpack-plugin/client/ReactRefreshEntry.js' in '/Users/andreiiacob/informate/Informate/Frontend/informate-frontend'

ERROR in main
Module not found: Error: Can't resolve '/Users/andreiiacob/informate/Informate/Frontend/informate-frontend/node_modules/source-map-loader/dist/cjs.js' in '/Users/andreiiacob/informate/Informate/Frontend/informate-frontend'

ERROR in Module not found: Error: Can't resolve '/Users/andreiiacob/informate/Informate/Frontend/informate-frontend/node_modules/webpack-dev-server/client/index.js?protocol=ws%3A&hostname=0.0.0.0&port=3000&pathname=%2Fws&logging=none&overlay=%7B%22errors%22%3Atrue%2C%22warnings%22%3Afalse%7D&reconnect=10&hot=true&live-reload=true' in '/Users/andreiiacob/informate/Informate/Frontend/informate-frontend'

ERROR in Module not found: Error: Can't resolve '/Users/andreiiacob/informate/Informate/Frontend/informate-frontend/node_modules/webpack/hot/dev-server.js' in '/Users/andreiiacob/informate/Informate/Frontend/informate-frontend'

ERROR in Child compilation failed:
Module not found: Error: Can't resolve '/Users/andreiiacob/informate/Informate/Frontend/informate-frontend/node_modules/html-webpack-plugin/lib/loader.js' in '/Users/andreiiacob/informate/Informate/Frontend/informate-frontend'
ModuleNotFoundError: Module not found: Error: Can't resolve '/Users/andreiiacob/informate/Informate/Frontend/informate-frontend/node_modules/html-webpack-plugin/lib/loader.js' in '/Users/andreiiacob/informate/Informate/Frontend/informate-frontend'
    at /Users/andreiiacob/informate/Informate/Frontend/informate-frontend/node_modules/webpack/lib/Compilation.js:2230:28
    at /Users/andreiiacob/informate/Informate/Frontend/informate-frontend/node_modules/webpack/lib/NormalModuleFactory.js:933:13
    at eval (eval at create (/Users/andreiiacob/informate/Informate/Frontend/informate-frontend/node_modules/tapable/lib/HookCodeFactory.js:33:10), <anonymous>:10:1)
    at /Users/andreiiacob/informate/Informate/Frontend/informate-frontend/node_modules/webpack/lib/NormalModuleFactory.js:347:22
    at eval (eval at create (/Users/andreiiacob/informate/Informate/Frontend/informate-frontend/node_modules/tapable/lib/HookCodeFactory.js:33:10), <anonymous>:9:1)
    at /Users/andreiiacob/informate/Informate/Frontend/informate-frontend/node_modules/webpack/lib/NormalModuleFactory.js:530:22
    at /Users/andreiiacob/informate/Informate/Frontend/informate-frontend/node_modules/webpack/lib/NormalModuleFactory.js:163:10
    at /Users/andreiiacob/informate/Informate/Frontend/informate-frontend/node_modules/webpack/lib/NormalModuleFactory.js:756:23
    at /Users/andreiiacob/informate/Informate/Frontend/informate-frontend/node_modules/neo-async/async.js:2830:7
    at done (/Users/andreiiacob/informate/Informate/Frontend/informate-frontend/node_modules/neo-async/async.js:2925:13)
    at /Users/andreiiacob/informate/Informate/Frontend/informate-frontend/node_modules/webpack/lib/NormalModuleFactory.js:1202:23
    at finishWithoutResolve (/Users/andreiiacob/informate/Informate/Frontend/informate-frontend/node_modules/enhanced-resolve/lib/Resolver.js:570:11)
    at /Users/andreiiacob/informate/Informate/Frontend/informate-frontend/node_modules/enhanced-resolve/lib/Resolver.js:659:14
    at /Users/andreiiacob/informate/Informate/Frontend/informate-frontend/node_modules/enhanced-resolve/lib/Resolver.js:720:5
    at eval (eval at create (/Users/andreiiacob/informate/Informate/Frontend/informate-frontend/node_modules/tapable/lib/HookCodeFactory.js:33:10), <anonymous>:16:1)
    at /Users/andreiiacob/informate/Informate/Frontend/informate-frontend/node_modules/enhanced-resolve/lib/Resolver.js:720:5
    at eval (eval at create (/Users/andreiiacob/informate/Informate/Frontend/informate-frontend/node_modules/tapable/lib/HookCodeFactory.js:33:10), <anonymous>:27:1)
    at /Users/andreiiacob/informate/Informate/Frontend/informate-frontend/node_modules/enhanced-resolve/lib/DescriptionFilePlugin.js:89:43
    at /Users/andreiiacob/informate/Informate/Frontend/informate-frontend/node_modules/enhanced-resolve/lib/Resolver.js:720:5
    at eval (eval at create (/Users/andreiiacob/informate/Informate/Frontend/informate-frontend/node_modules/tapable/lib/HookCodeFactory.js:33:10), <anonymous>:15:1)
    at /Users/andreiiacob/informate/Informate/Frontend/informate-frontend/node_modules/enhanced-resolve/lib/Resolver.js:720:5
    at eval (eval at create (/Users/andreiiacob/informate/Informate/Frontend/informate-frontend/node_modules/tapable/lib/HookCodeFactory.js:33:10), <anonymous>:15:1)
    at /Users/andreiiacob/informate/Informate/Frontend/informate-frontend/node_modules/enhanced-resolve/lib/Resolver.js:720:5
    at eval (eval at create (/Users/andreiiacob/informate/Informate/Frontend/informate-frontend/node_modules/tapable/lib/HookCodeFactory.js:33:10), <anonymous>:16:1)
    at /Users/andreiiacob/informate/Informate/Frontend/informate-frontend/node_modules/enhanced-resolve/lib/Resolver.js:720:5
    at eval (eval at create (/Users/andreiiacob/informate/Informate/Frontend/informate-frontend/node_modules/tapable/lib/HookCodeFactory.js:33:10), <anonymous>:27:1)
    at /Users/andreiiacob/informate/Informate/Frontend/informate-frontend/node_modules/enhanced-resolve/lib/DescriptionFilePlugin.js:89:43
    at /Users/andreiiacob/informate/Informate/Frontend/informate-frontend/node_modules/enhanced-resolve/lib/Resolver.js:720:5
    at eval (eval at create (/Users/andreiiacob/informate/Informate/Frontend/informate-frontend/node_modules/tapable/lib/HookCodeFactory.js:33:10), <anonymous>:16:1)
    at /Users/andreiiacob/informate/Informate/Frontend/informate-frontend/node_modules/enhanced-resolve/lib/Resolver.js:720:5
    at eval (eval at create (/Users/andreiiacob/informate/Informate/Frontend/informate-frontend/node_modules/tapable/lib/HookCodeFactory.js:33:10), <anonymous>:15:1)
    at /Users/andreiiacob/informate/Informate/Frontend/informate-frontend/node_modules/enhanced-resolve/lib/DirectoryExistsPlugin.js:43:15
    at process.processTicksAndRejections (node:internal/process/task_queues:89:21)

webpack compiled with 5 errors
Compiling...
Failed to compile.

Module not found: Error: Can't resolve '/Users/andreiiacob/informate/Informate/Frontend/informate-frontend/node_modules/@pmmmwh/react-refresh-webpack-plugin/client/ReactRefreshEntry.js' in '/Users/andreiiacob/informate/Informate/Frontend/informate-frontend'
ERROR in Module not found: Error: Can't resolve '/Users/andreiiacob/informate/Informate/Frontend/informate-frontend/node_modules/@pmmmwh/react-refresh-webpack-plugin/client/ReactRefreshEntry.js' in '/Users/andreiiacob/informate/Informate/Frontend/informate-frontend'

ERROR in main
Module not found: Error: Can't resolve '/Users/andreiiacob/informate/Informate/Frontend/informate-frontend/node_modules/babel-loader/lib/index.js' in '/Users/andreiiacob/informate/Informate/Frontend/informate-frontend'

ERROR in Module not found: Error: Can't resolve '/Users/andreiiacob/informate/Informate/Frontend/informate-frontend/node_modules/webpack-dev-server/client/index.js?protocol=ws%3A&hostname=0.0.0.0&port=3000&pathname=%2Fws&logging=none&overlay=%7B%22errors%22%3Atrue%2C%22warnings%22%3Afalse%7D&reconnect=10&hot=true&live-reload=true' in '/Users/andreiiacob/informate/Informate/Frontend/informate-frontend'

ERROR in Module not found: Error: Can't resolve '/Users/andreiiacob/informate/Informate/Frontend/informate-frontend/node_modules/webpack/hot/dev-server.js' in '/Users/andreiiacob/informate/Informate/Frontend/informate-frontend'

ERROR in Child compilation failed:
Module not found: Error: Can't resolve '/Users/andreiiacob/informate/Informate/Frontend/informate-frontend/node_modules/html-webpack-plugin/lib/loader.js' in '/Users/andreiiacob/informate/Informate/Frontend/informate-frontend'
ModuleNotFoundError: Module not found: Error: Can't resolve '/Users/andreiiacob/informate/Informate/Frontend/informate-frontend/node_modules/html-webpack-plugin/lib/loader.js' in '/Users/andreiiacob/informate/Informate/Frontend/informate-frontend'
    at /Users/andreiiacob/informate/Informate/Frontend/informate-frontend/node_modules/webpack/lib/Compilation.js:2230:28
    at /Users/andreiiacob/informate/Informate/Frontend/informate-frontend/node_modules/webpack/lib/NormalModuleFactory.js:933:13
    at eval (eval at create (/Users/andreiiacob/informate/Informate/Frontend/informate-frontend/node_modules/tapable/lib/HookCodeFactory.js:33:10), <anonymous>:10:1)
    at /Users/andreiiacob/informate/Informate/Frontend/informate-frontend/node_modules/webpack/lib/NormalModuleFactory.js:347:22
    at eval (eval at create (/Users/andreiiacob/informate/Informate/Frontend/informate-frontend/node_modules/tapable/lib/HookCodeFactory.js:33:10), <anonymous>:9:1)
    at /Users/andreiiacob/informate/Informate/Frontend/informate-frontend/node_modules/webpack/lib/NormalModuleFactory.js:530:22
    at /Users/andreiiacob/informate/Informate/Frontend/informate-frontend/node_modules/webpack/lib/NormalModuleFactory.js:163:10
    at /Users/andreiiacob/informate/Informate/Frontend/informate-frontend/node_modules/webpack/lib/NormalModuleFactory.js:756:23
    at /Users/andreiiacob/informate/Informate/Frontend/informate-frontend/node_modules/neo-async/async.js:2830:7
    at done (/Users/andreiiacob/informate/Informate/Frontend/informate-frontend/node_modules/neo-async/async.js:2925:13)
    at /Users/andreiiacob/informate/Informate/Frontend/informate-frontend/node_modules/webpack/lib/NormalModuleFactory.js:1202:23
    at finishWithoutResolve (/Users/andreiiacob/informate/Informate/Frontend/informate-frontend/node_modules/enhanced-resolve/lib/Resolver.js:570:11)
    at /Users/andreiiacob/informate/Informate/Frontend/informate-frontend/node_modules/enhanced-resolve/lib/Resolver.js:659:14
    at /Users/andreiiacob/informate/Informate/Frontend/informate-frontend/node_modules/enhanced-resolve/lib/Resolver.js:720:5
    at eval (eval at create (/Users/andreiiacob/informate/Informate/Frontend/informate-frontend/node_modules/tapable/lib/HookCodeFactory.js:33:10), <anonymous>:16:1)
    at /Users/andreiiacob/informate/Informate/Frontend/informate-frontend/node_modules/enhanced-resolve/lib/Resolver.js:720:5
    at eval (eval at create (/Users/andreiiacob/informate/Informate/Frontend/informate-frontend/node_modules/tapable/lib/HookCodeFactory.js:33:10), <anonymous>:27:1)
    at /Users/andreiiacob/informate/Informate/Frontend/informate-frontend/node_modules/enhanced-resolve/lib/DescriptionFilePlugin.js:89:43
    at /Users/andreiiacob/informate/Informate/Frontend/informate-frontend/node_modules/enhanced-resolve/lib/Resolver.js:720:5
    at eval (eval at create (/Users/andreiiacob/informate/Informate/Frontend/informate-frontend/node_modules/tapable/lib/HookCodeFactory.js:33:10), <anonymous>:15:1)
    at /Users/andreiiacob/informate/Informate/Frontend/informate-frontend/node_modules/enhanced-resolve/lib/Resolver.js:720:5
    at eval (eval at create (/Users/andreiiacob/informate/Informate/Frontend/informate-frontend/node_modules/tapable/lib/HookCodeFactory.js:33:10), <anonymous>:15:1)
    at /Users/andreiiacob/informate/Informate/Frontend/informate-frontend/node_modules/enhanced-resolve/lib/Resolver.js:720:5
    at eval (eval at create (/Users/andreiiacob/informate/Informate/Frontend/informate-frontend/node_modules/tapable/lib/HookCodeFactory.js:33:10), <anonymous>:16:1)
    at /Users/andreiiacob/informate/Informate/Frontend/informate-frontend/node_modules/enhanced-resolve/lib/Resolver.js:720:5
    at eval (eval at create (/Users/andreiiacob/informate/Informate/Frontend/informate-frontend/node_modules/tapable/lib/HookCodeFactory.js:33:10), <anonymous>:27:1)
    at /Users/andreiiacob/informate/Informate/Frontend/informate-frontend/node_modules/enhanced-resolve/lib/DescriptionFilePlugin.js:89:43
    at /Users/andreiiacob/informate/Informate/Frontend/informate-frontend/node_modules/enhanced-resolve/lib/Resolver.js:720:5
    at eval (eval at create (/Users/andreiiacob/informate/Informate/Frontend/informate-frontend/node_modules/tapable/lib/HookCodeFactory.js:33:10), <anonymous>:16:1)
    at /Users/andreiiacob/informate/Informate/Frontend/informate-frontend/node_modules/enhanced-resolve/lib/Resolver.js:720:5
    at eval (eval at create (/Users/andreiiacob/informate/Informate/Frontend/informate-frontend/node_modules/tapable/lib/HookCodeFactory.js:33:10), <anonymous>:15:1)
    at /Users/andreiiacob/informate/Informate/Frontend/informate-frontend/node_modules/enhanced-resolve/lib/DirectoryExistsPlugin.js:43:15
    at process.processTicksAndRejections (node:internal/process/task_queues:89:21)

webpack compiled with 5 errors
Compiling...
Failed to compile.

Module not found: Error: Can't resolve '/Users/andreiiacob/informate/Informate/Frontend/informate-frontend/node_modules/style-loader/dist/cjs.js' in '/Users/andreiiacob/informate/Informate/Frontend/informate-frontend'
ERROR in ./src/App.js 12:0-19
Module not found: Error: Can't resolve '/Users/andreiiacob/informate/Informate/Frontend/informate-frontend/node_modules/style-loader/dist/cjs.js' in '/Users/andreiiacob/informate/Informate/Frontend/informate-frontend'

ERROR in ./src/index.js 6:0-21
Module not found: Error: Can't resolve '/Users/andreiiacob/informate/Informate/Frontend/informate-frontend/node_modules/style-loader/dist/cjs.js' in '/Users/andreiiacob/informate/Informate/Frontend/informate-frontend'

ERROR in ./node_modules/@pmmmwh/react-refresh-webpack-plugin/lib/runtime/RefreshUtils.js
Module build failed (from ./node_modules/source-map-loader/dist/cjs.js):
Error: ENOENT: no such file or directory, open '/Users/andreiiacob/informate/Informate/Frontend/informate-frontend/node_modules/@pmmmwh/react-refresh-webpack-plugin/lib/runtime/RefreshUtils.js'

ERROR in ./node_modules/react-dom/client.js
Module build failed (from ./node_modules/source-map-loader/dist/cjs.js):
Error: ENOENT: no such file or directory, open '/Users/andreiiacob/informate/Informate/Frontend/informate-frontend/node_modules/react-dom/client.js'

ERROR in ./node_modules/react-refresh/runtime.js
Module build failed (from ./node_modules/source-map-loader/dist/cjs.js):
Error: ENOENT: no such file or directory, open '/Users/andreiiacob/informate/Informate/Frontend/informate-frontend/node_modules/react-refresh/runtime.js'

ERROR in ./node_modules/web-vitals/dist/web-vitals.js
Module build failed (from ./node_modules/source-map-loader/dist/cjs.js):
Error: ENOENT: no such file or directory, open '/Users/andreiiacob/informate/Informate/Frontend/informate-frontend/node_modules/web-vitals/dist/web-vitals.js'

ERROR in ./node_modules/react-router-dom/dist/index.mjs
Module build failed (from ./node_modules/source-map-loader/dist/cjs.js):
Error: ENOENT: no such file or directory, open '/Users/andreiiacob/informate/Informate/Frontend/informate-frontend/node_modules/react-router-dom/dist/index.mjs'

ERROR in Module not found: Error: Can't resolve '/Users/andreiiacob/informate/Informate/Frontend/informate-frontend/node_modules/@pmmmwh/react-refresh-webpack-plugin/client/ReactRefreshEntry.js' in '/Users/andreiiacob/informate/Informate/Frontend/informate-frontend'

ERROR in Module not found: Error: Can't resolve '/Users/andreiiacob/informate/Informate/Frontend/informate-frontend/node_modules/webpack-dev-server/client/index.js?protocol=ws%3A&hostname=0.0.0.0&port=3000&pathname=%2Fws&logging=none&overlay=%7B%22errors%22%3Atrue%2C%22warnings%22%3Afalse%7D&reconnect=10&hot=true&live-reload=true' in '/Users/andreiiacob/informate/Informate/Frontend/informate-frontend'

ERROR in Module not found: Error: Can't resolve '/Users/andreiiacob/informate/Informate/Frontend/informate-frontend/node_modules/webpack/hot/dev-server.js' in '/Users/andreiiacob/informate/Informate/Frontend/informate-frontend'

ERROR in Child compilation failed:
Module not found: Error: Can't resolve '/Users/andreiiacob/informate/Informate/Frontend/informate-frontend/node_modules/html-webpack-plugin/lib/loader.js' in '/Users/andreiiacob/informate/Informate/Frontend/informate-frontend'
ModuleNotFoundError: Module not found: Error: Can't resolve '/Users/andreiiacob/informate/Informate/Frontend/informate-frontend/node_modules/html-webpack-plugin/lib/loader.js' in '/Users/andreiiacob/informate/Informate/Frontend/informate-frontend'
    at /Users/andreiiacob/informate/Informate/Frontend/informate-frontend/node_modules/webpack/lib/Compilation.js:2230:28
    at /Users/andreiiacob/informate/Informate/Frontend/informate-frontend/node_modules/webpack/lib/NormalModuleFactory.js:933:13
    at eval (eval at create (/Users/andreiiacob/informate/Informate/Frontend/informate-frontend/node_modules/tapable/lib/HookCodeFactory.js:33:10), <anonymous>:10:1)
    at /Users/andreiiacob/informate/Informate/Frontend/informate-frontend/node_modules/webpack/lib/NormalModuleFactory.js:347:22
    at eval (eval at create (/Users/andreiiacob/informate/Informate/Frontend/informate-frontend/node_modules/tapable/lib/HookCodeFactory.js:33:10), <anonymous>:9:1)
    at /Users/andreiiacob/informate/Informate/Frontend/informate-frontend/node_modules/webpack/lib/NormalModuleFactory.js:530:22
    at /Users/andreiiacob/informate/Informate/Frontend/informate-frontend/node_modules/webpack/lib/NormalModuleFactory.js:163:10
    at /Users/andreiiacob/informate/Informate/Frontend/informate-frontend/node_modules/webpack/lib/NormalModuleFactory.js:756:23
    at /Users/andreiiacob/informate/Informate/Frontend/informate-frontend/node_modules/neo-async/async.js:2830:7
    at done (/Users/andreiiacob/informate/Informate/Frontend/informate-frontend/node_modules/neo-async/async.js:2925:13)
    at /Users/andreiiacob/informate/Informate/Frontend/informate-frontend/node_modules/webpack/lib/NormalModuleFactory.js:1202:23
    at finishWithoutResolve (/Users/andreiiacob/informate/Informate/Frontend/informate-frontend/node_modules/enhanced-resolve/lib/Resolver.js:570:11)
    at /Users/andreiiacob/informate/Informate/Frontend/informate-frontend/node_modules/enhanced-resolve/lib/Resolver.js:659:14
    at /Users/andreiiacob/informate/Informate/Frontend/informate-frontend/node_modules/enhanced-resolve/lib/Resolver.js:720:5
    at eval (eval at create (/Users/andreiiacob/informate/Informate/Frontend/informate-frontend/node_modules/tapable/lib/HookCodeFactory.js:33:10), <anonymous>:16:1)
    at /Users/andreiiacob/informate/Informate/Frontend/informate-frontend/node_modules/enhanced-resolve/lib/Resolver.js:720:5
    at eval (eval at create (/Users/andreiiacob/informate/Informate/Frontend/informate-frontend/node_modules/tapable/lib/HookCodeFactory.js:33:10), <anonymous>:27:1)
    at /Users/andreiiacob/informate/Informate/Frontend/informate-frontend/node_modules/enhanced-resolve/lib/DescriptionFilePlugin.js:89:43
    at /Users/andreiiacob/informate/Informate/Frontend/informate-frontend/node_modules/enhanced-resolve/lib/Resolver.js:720:5
    at eval (eval at create (/Users/andreiiacob/informate/Informate/Frontend/informate-frontend/node_modules/tapable/lib/HookCodeFactory.js:33:10), <anonymous>:15:1)
    at /Users/andreiiacob/informate/Informate/Frontend/informate-frontend/node_modules/enhanced-resolve/lib/Resolver.js:720:5
    at eval (eval at create (/Users/andreiiacob/informate/Informate/Frontend/informate-frontend/node_modules/tapable/lib/HookCodeFactory.js:33:10), <anonymous>:15:1)
    at /Users/andreiiacob/informate/Informate/Frontend/informate-frontend/node_modules/enhanced-resolve/lib/Resolver.js:720:5
    at eval (eval at create (/Users/andreiiacob/informate/Informate/Frontend/informate-frontend/node_modules/tapable/lib/HookCodeFactory.js:33:10), <anonymous>:16:1)
    at /Users/andreiiacob/informate/Informate/Frontend/informate-frontend/node_modules/enhanced-resolve/lib/Resolver.js:720:5
    at eval (eval at create (/Users/andreiiacob/informate/Informate/Frontend/informate-frontend/node_modules/tapable/lib/HookCodeFactory.js:33:10), <anonymous>:27:1)
    at /Users/andreiiacob/informate/Informate/Frontend/informate-frontend/node_modules/enhanced-resolve/lib/DescriptionFilePlugin.js:89:43
    at /Users/andreiiacob/informate/Informate/Frontend/informate-frontend/node_modules/enhanced-resolve/lib/Resolver.js:720:5
    at eval (eval at create (/Users/andreiiacob/informate/Informate/Frontend/informate-frontend/node_modules/tapable/lib/HookCodeFactory.js:33:10), <anonymous>:16:1)
    at /Users/andreiiacob/informate/Informate/Frontend/informate-frontend/node_modules/enhanced-resolve/lib/Resolver.js:720:5
    at eval (eval at create (/Users/andreiiacob/informate/Informate/Frontend/informate-frontend/node_modules/tapable/lib/HookCodeFactory.js:33:10), <anonymous>:15:1)
    at /Users/andreiiacob/informate/Informate/Frontend/informate-frontend/node_modules/enhanced-resolve/lib/DirectoryExistsPlugin.js:43:15
    at process.processTicksAndRejections (node:internal/process/task_queues:89:21)

webpack compiled with 11 errors
Compiling...
Failed to compile.

Module not found: Error: Can't resolve '/Users/andreiiacob/informate/Informate/Frontend/informate-frontend/node_modules/style-loader/dist/cjs.js' in '/Users/andreiiacob/informate/Informate/Frontend/informate-frontend'
ERROR in ./src/App.js 12:0-19
Module not found: Error: Can't resolve '/Users/andreiiacob/informate/Informate/Frontend/informate-frontend/node_modules/style-loader/dist/cjs.js' in '/Users/andreiiacob/informate/Informate/Frontend/informate-frontend'

ERROR in ./src/index.js 6:0-21
Module not found: Error: Can't resolve '/Users/andreiiacob/informate/Informate/Frontend/informate-frontend/node_modules/style-loader/dist/cjs.js' in '/Users/andreiiacob/informate/Informate/Frontend/informate-frontend'

ERROR in ./node_modules/@pmmmwh/react-refresh-webpack-plugin/lib/runtime/RefreshUtils.js
Module build failed (from ./node_modules/source-map-loader/dist/cjs.js):
Error: ENOENT: no such file or directory, open '/Users/andreiiacob/informate/Informate/Frontend/informate-frontend/node_modules/@pmmmwh/react-refresh-webpack-plugin/lib/runtime/RefreshUtils.js'

ERROR in ./node_modules/react-dom/client.js
Module build failed (from ./node_modules/source-map-loader/dist/cjs.js):
Error: ENOENT: no such file or directory, open '/Users/andreiiacob/informate/Informate/Frontend/informate-frontend/node_modules/react-dom/client.js'

ERROR in ./node_modules/react-refresh/runtime.js
Module build failed (from ./node_modules/source-map-loader/dist/cjs.js):
Error: ENOENT: no such file or directory, open '/Users/andreiiacob/informate/Informate/Frontend/informate-frontend/node_modules/react-refresh/runtime.js'

ERROR in ./node_modules/web-vitals/dist/web-vitals.js
Module build failed (from ./node_modules/source-map-loader/dist/cjs.js):
Error: ENOENT: no such file or directory, open '/Users/andreiiacob/informate/Informate/Frontend/informate-frontend/node_modules/web-vitals/dist/web-vitals.js'

ERROR in ./node_modules/react-router-dom/dist/index.mjs
Module build failed (from ./node_modules/source-map-loader/dist/cjs.js):
Error: ENOENT: no such file or directory, open '/Users/andreiiacob/informate/Informate/Frontend/informate-frontend/node_modules/react-router-dom/dist/index.mjs'

ERROR in Module not found: Error: Can't resolve '/Users/andreiiacob/informate/Informate/Frontend/informate-frontend/node_modules/@pmmmwh/react-refresh-webpack-plugin/client/ReactRefreshEntry.js' in '/Users/andreiiacob/informate/Informate/Frontend/informate-frontend'

ERROR in Module not found: Error: Can't resolve '/Users/andreiiacob/informate/Informate/Frontend/informate-frontend/node_modules/webpack-dev-server/client/index.js?protocol=ws%3A&hostname=0.0.0.0&port=3000&pathname=%2Fws&logging=none&overlay=%7B%22errors%22%3Atrue%2C%22warnings%22%3Afalse%7D&reconnect=10&hot=true&live-reload=true' in '/Users/andreiiacob/informate/Informate/Frontend/informate-frontend'

ERROR in Module not found: Error: Can't resolve '/Users/andreiiacob/informate/Informate/Frontend/informate-frontend/node_modules/webpack/hot/dev-server.js' in '/Users/andreiiacob/informate/Informate/Frontend/informate-frontend'

ERROR in Child compilation failed:
Module not found: Error: Can't resolve '/Users/andreiiacob/informate/Informate/Frontend/informate-frontend/node_modules/html-webpack-plugin/lib/loader.js' in '/Users/andreiiacob/informate/Informate/Frontend/informate-frontend'
ModuleNotFoundError: Module not found: Error: Can't resolve '/Users/andreiiacob/informate/Informate/Frontend/informate-frontend/node_modules/html-webpack-plugin/lib/loader.js' in '/Users/andreiiacob/informate/Informate/Frontend/informate-frontend'
    at /Users/andreiiacob/informate/Informate/Frontend/informate-frontend/node_modules/webpack/lib/Compilation.js:2230:28
    at /Users/andreiiacob/informate/Informate/Frontend/informate-frontend/node_modules/webpack/lib/NormalModuleFactory.js:933:13
    at eval (eval at create (/Users/andreiiacob/informate/Informate/Frontend/informate-frontend/node_modules/tapable/lib/HookCodeFactory.js:33:10), <anonymous>:10:1)
    at /Users/andreiiacob/informate/Informate/Frontend/informate-frontend/node_modules/webpack/lib/NormalModuleFactory.js:347:22
    at eval (eval at create (/Users/andreiiacob/informate/Informate/Frontend/informate-frontend/node_modules/tapable/lib/HookCodeFactory.js:33:10), <anonymous>:9:1)
    at /Users/andreiiacob/informate/Informate/Frontend/informate-frontend/node_modules/webpack/lib/NormalModuleFactory.js:530:22
    at /Users/andreiiacob/informate/Informate/Frontend/informate-frontend/node_modules/webpack/lib/NormalModuleFactory.js:163:10
    at /Users/andreiiacob/informate/Informate/Frontend/informate-frontend/node_modules/webpack/lib/NormalModuleFactory.js:756:23
    at /Users/andreiiacob/informate/Informate/Frontend/informate-frontend/node_modules/neo-async/async.js:2830:7
    at done (/Users/andreiiacob/informate/Informate/Frontend/informate-frontend/node_modules/neo-async/async.js:2925:13)
    at /Users/andreiiacob/informate/Informate/Frontend/informate-frontend/node_modules/webpack/lib/NormalModuleFactory.js:1202:23
    at finishWithoutResolve (/Users/andreiiacob/informate/Informate/Frontend/informate-frontend/node_modules/enhanced-resolve/lib/Resolver.js:570:11)
    at /Users/andreiiacob/informate/Informate/Frontend/informate-frontend/node_modules/enhanced-resolve/lib/Resolver.js:659:14
    at /Users/andreiiacob/informate/Informate/Frontend/informate-frontend/node_modules/enhanced-resolve/lib/Resolver.js:720:5
    at eval (eval at create (/Users/andreiiacob/informate/Informate/Frontend/informate-frontend/node_modules/tapable/lib/HookCodeFactory.js:33:10), <anonymous>:16:1)
    at /Users/andreiiacob/informate/Informate/Frontend/informate-frontend/node_modules/enhanced-resolve/lib/Resolver.js:720:5
    at eval (eval at create (/Users/andreiiacob/informate/Informate/Frontend/informate-frontend/node_modules/tapable/lib/HookCodeFactory.js:33:10), <anonymous>:27:1)
    at /Users/andreiiacob/informate/Informate/Frontend/informate-frontend/node_modules/enhanced-resolve/lib/DescriptionFilePlugin.js:89:43
    at /Users/andreiiacob/informate/Informate/Frontend/informate-frontend/node_modules/enhanced-resolve/lib/Resolver.js:720:5
    at eval (eval at create (/Users/andreiiacob/informate/Informate/Frontend/informate-frontend/node_modules/tapable/lib/HookCodeFactory.js:33:10), <anonymous>:15:1)
    at /Users/andreiiacob/informate/Informate/Frontend/informate-frontend/node_modules/enhanced-resolve/lib/Resolver.js:720:5
    at eval (eval at create (/Users/andreiiacob/informate/Informate/Frontend/informate-frontend/node_modules/tapable/lib/HookCodeFactory.js:33:10), <anonymous>:15:1)
    at /Users/andreiiacob/informate/Informate/Frontend/informate-frontend/node_modules/enhanced-resolve/lib/Resolver.js:720:5
    at eval (eval at create (/Users/andreiiacob/informate/Informate/Frontend/informate-frontend/node_modules/tapable/lib/HookCodeFactory.js:33:10), <anonymous>:16:1)
    at /Users/andreiiacob/informate/Informate/Frontend/informate-frontend/node_modules/enhanced-resolve/lib/Resolver.js:720:5
    at eval (eval at create (/Users/andreiiacob/informate/Informate/Frontend/informate-frontend/node_modules/tapable/lib/HookCodeFactory.js:33:10), <anonymous>:27:1)
    at /Users/andreiiacob/informate/Informate/Frontend/informate-frontend/node_modules/enhanced-resolve/lib/DescriptionFilePlugin.js:89:43
    at /Users/andreiiacob/informate/Informate/Frontend/informate-frontend/node_modules/enhanced-resolve/lib/Resolver.js:720:5
    at eval (eval at create (/Users/andreiiacob/informate/Informate/Frontend/informate-frontend/node_modules/tapable/lib/HookCodeFactory.js:33:10), <anonymous>:16:1)
    at /Users/andreiiacob/informate/Informate/Frontend/informate-frontend/node_modules/enhanced-resolve/lib/Resolver.js:720:5
    at eval (eval at create (/Users/andreiiacob/informate/Informate/Frontend/informate-frontend/node_modules/tapable/lib/HookCodeFactory.js:33:10), <anonymous>:15:1)
    at /Users/andreiiacob/informate/Informate/Frontend/informate-frontend/node_modules/enhanced-resolve/lib/DirectoryExistsPlugin.js:43:15
    at process.processTicksAndRejections (node:internal/process/task_queues:89:21)

webpack compiled with 11 errors
Compiling...
Failed to compile.

Module not found: Error: Can't resolve '/Users/andreiiacob/informate/Informate/Frontend/informate-frontend/node_modules/style-loader/dist/cjs.js' in '/Users/andreiiacob/informate/Informate/Frontend/informate-frontend'
LOG from webpack.FileSystemInfo
<w> Managed item /Users/andreiiacob/informate/Informate/Frontend/informate-frontend/node_modules/react isn't a directory or doesn't contain a package.json (see snapshot.managedPaths option)
<w> Managed item /Users/andreiiacob/informate/Informate/Frontend/informate-frontend/node_modules/axios isn't a directory or doesn't contain a package.json (see snapshot.managedPaths option)
+ 9 hidden lines

ERROR in ./src/App.js 12:0-19
Module not found: Error: Can't resolve '/Users/andreiiacob/informate/Informate/Frontend/informate-frontend/node_modules/style-loader/dist/cjs.js' in '/Users/andreiiacob/informate/Informate/Frontend/informate-frontend'

ERROR in ./src/index.js 6:0-21
Module not found: Error: Can't resolve '/Users/andreiiacob/informate/Informate/Frontend/informate-frontend/node_modules/style-loader/dist/cjs.js' in '/Users/andreiiacob/informate/Informate/Frontend/informate-frontend'

ERROR in ./node_modules/@pmmmwh/react-refresh-webpack-plugin/lib/runtime/RefreshUtils.js
Module build failed (from ./node_modules/source-map-loader/dist/cjs.js):
Error: ENOENT: no such file or directory, open '/Users/andreiiacob/informate/Informate/Frontend/informate-frontend/node_modules/@pmmmwh/react-refresh-webpack-plugin/lib/runtime/RefreshUtils.js'

ERROR in ./node_modules/react-dom/client.js
Module build failed (from ./node_modules/source-map-loader/dist/cjs.js):
Error: ENOENT: no such file or directory, open '/Users/andreiiacob/informate/Informate/Frontend/informate-frontend/node_modules/react-dom/client.js'

ERROR in ./node_modules/react-refresh/runtime.js
Module build failed (from ./node_modules/source-map-loader/dist/cjs.js):
Error: ENOENT: no such file or directory, open '/Users/andreiiacob/informate/Informate/Frontend/informate-frontend/node_modules/react-refresh/runtime.js'

ERROR in ./node_modules/react/index.js
Module build failed (from ./node_modules/babel-loader/lib/index.js):
Error: [BABEL] /Users/andreiiacob/informate/Informate/Frontend/informate-frontend/node_modules/react/index.js: Cannot find module '/Users/andreiiacob/informate/Informate/Frontend/informate-frontend/node_modules/@babel/runtime/package.json' (While processing: "/Users/andreiiacob/informate/Informate/Frontend/informate-frontend/node_modules/babel-preset-react-app/dependencies.js")
    at createEsmNotFoundErr (node:internal/modules/cjs/loader:1405:15)
    at finalizeEsmResolution (node:internal/modules/cjs/loader:1394:15)
    at resolveExports (node:internal/modules/cjs/loader:650:14)
    at Module._findPath (node:internal/modules/cjs/loader:717:31)
    at Module._resolveFilename (node:internal/modules/cjs/loader:1355:27)
    at require.resolve (node:internal/modules/helpers:145:19)
    at module.exports (/Users/andreiiacob/informate/Informate/Frontend/informate-frontend/node_modules/babel-preset-react-app/dependencies.js:49:15)
    at async (/Users/andreiiacob/informate/Informate/Frontend/informate-frontend/node_modules/@babel/core/lib/gensync-utils/async.js:35:33)
    at async (/Users/andreiiacob/informate/Informate/Frontend/informate-frontend/node_modules/gensync/index.js:186:15)
    at /Users/andreiiacob/informate/Informate/Frontend/informate-frontend/node_modules/gensync/index.js:216:13
    at Generator.next (<anonymous>)
    at /Users/andreiiacob/informate/Informate/Frontend/informate-frontend/node_modules/@babel/core/lib/config/full.js:180:21
    at Generator.next (<anonymous>)
    at Function.<anonymous> (/Users/andreiiacob/informate/Informate/Frontend/informate-frontend/node_modules/@babel/core/lib/gensync-utils/async.js:21:3)
    at Generator.next (<anonymous>)
    at step (/Users/andreiiacob/informate/Informate/Frontend/informate-frontend/node_modules/gensync/index.js:269:25)
    at evaluateAsync (/Users/andreiiacob/informate/Informate/Frontend/informate-frontend/node_modules/gensync/index.js:291:5)
    at Function.errback (/Users/andreiiacob/informate/Informate/Frontend/informate-frontend/node_modules/gensync/index.js:113:7)
    at errback (/Users/andreiiacob/informate/Informate/Frontend/informate-frontend/node_modules/@babel/core/lib/gensync-utils/async.js:65:18)
    at async (/Users/andreiiacob/informate/Informate/Frontend/informate-frontend/node_modules/gensync/index.js:188:17)
    at onFirstPause (/Users/andreiiacob/informate/Informate/Frontend/informate-frontend/node_modules/gensync/index.js:216:13)
    at Generator.next (<anonymous>)
    at cachedFunction (/Users/andreiiacob/informate/Informate/Frontend/informate-frontend/node_modules/@babel/core/lib/config/caching.js:52:46)
    at cachedFunction.next (<anonymous>)
    at loadPresetDescriptor (/Users/andreiiacob/informate/Informate/Frontend/informate-frontend/node_modules/@babel/core/lib/config/full.js:292:43)
    at loadPresetDescriptor.next (<anonymous>)
    at recursePresetDescriptors (/Users/andreiiacob/informate/Informate/Frontend/informate-frontend/node_modules/@babel/core/lib/config/full.js:77:31)
    at recursePresetDescriptors.next (<anonymous>)
    at /Users/andreiiacob/informate/Informate/Frontend/informate-frontend/node_modules/@babel/core/lib/config/full.js:156:21
    at Generator.next (<anonymous>)
    at loadFullConfig (/Users/andreiiacob/informate/Informate/Frontend/informate-frontend/node_modules/@babel/core/lib/config/full.js:113:5)
    at loadFullConfig.next (<anonymous>)
    at transform (/Users/andreiiacob/informate/Informate/Frontend/informate-frontend/node_modules/@babel/core/lib/transform.js:20:44)
    at transform.next (<anonymous>)
    at step (/Users/andreiiacob/informate/Informate/Frontend/informate-frontend/node_modules/gensync/index.js:269:25)
    at /Users/andreiiacob/informate/Informate/Frontend/informate-frontend/node_modules/gensync/index.js:273:13
    at async.call.result.err.err (/Users/andreiiacob/informate/Informate/Frontend/informate-frontend/node_modules/gensync/index.js:223:11)
    at /Users/andreiiacob/informate/Informate/Frontend/informate-frontend/node_modules/gensync/index.js:189:28
    at /Users/andreiiacob/informate/Informate/Frontend/informate-frontend/node_modules/@babel/core/lib/gensync-utils/async.js:67:7
    at /Users/andreiiacob/informate/Informate/Frontend/informate-frontend/node_modules/gensync/index.js:113:33
    at step (/Users/andreiiacob/informate/Informate/Frontend/informate-frontend/node_modules/gensync/index.js:287:14)
    at /Users/andreiiacob/informate/Informate/Frontend/informate-frontend/node_modules/gensync/index.js:273:13
    at async.call.result.err.err (/Users/andreiiacob/informate/Informate/Frontend/informate-frontend/node_modules/gensync/index.js:223:11)
    at /Users/andreiiacob/informate/Informate/Frontend/informate-frontend/node_modules/gensync/index.js:37:40

ERROR in ./node_modules/react/jsx-dev-runtime.js
Module build failed (from ./node_modules/babel-loader/lib/index.js):
Error: [BABEL] /Users/andreiiacob/informate/Informate/Frontend/informate-frontend/node_modules/react/jsx-dev-runtime.js: Cannot find module '/Users/andreiiacob/informate/Informate/Frontend/informate-frontend/node_modules/@babel/runtime/package.json' (While processing: "/Users/andreiiacob/informate/Informate/Frontend/informate-frontend/node_modules/babel-preset-react-app/dependencies.js")
    at createEsmNotFoundErr (node:internal/modules/cjs/loader:1405:15)
    at finalizeEsmResolution (node:internal/modules/cjs/loader:1394:15)
    at resolveExports (node:internal/modules/cjs/loader:650:14)
    at Module._findPath (node:internal/modules/cjs/loader:717:31)
    at Module._resolveFilename (node:internal/modules/cjs/loader:1355:27)
    at require.resolve (node:internal/modules/helpers:145:19)
    at module.exports (/Users/andreiiacob/informate/Informate/Frontend/informate-frontend/node_modules/babel-preset-react-app/dependencies.js:49:15)
    at async (/Users/andreiiacob/informate/Informate/Frontend/informate-frontend/node_modules/@babel/core/lib/gensync-utils/async.js:35:33)
    at async (/Users/andreiiacob/informate/Informate/Frontend/informate-frontend/node_modules/gensync/index.js:186:15)
    at /Users/andreiiacob/informate/Informate/Frontend/informate-frontend/node_modules/gensync/index.js:216:13
    at Generator.next (<anonymous>)
    at /Users/andreiiacob/informate/Informate/Frontend/informate-frontend/node_modules/@babel/core/lib/config/full.js:180:21
    at Generator.next (<anonymous>)
    at Function.<anonymous> (/Users/andreiiacob/informate/Informate/Frontend/informate-frontend/node_modules/@babel/core/lib/gensync-utils/async.js:21:3)
    at Generator.next (<anonymous>)
    at step (/Users/andreiiacob/informate/Informate/Frontend/informate-frontend/node_modules/gensync/index.js:269:25)
    at evaluateAsync (/Users/andreiiacob/informate/Informate/Frontend/informate-frontend/node_modules/gensync/index.js:291:5)
    at Function.errback (/Users/andreiiacob/informate/Informate/Frontend/informate-frontend/node_modules/gensync/index.js:113:7)
    at errback (/Users/andreiiacob/informate/Informate/Frontend/informate-frontend/node_modules/@babel/core/lib/gensync-utils/async.js:65:18)
    at async (/Users/andreiiacob/informate/Informate/Frontend/informate-frontend/node_modules/gensync/index.js:188:17)
    at onFirstPause (/Users/andreiiacob/informate/Informate/Frontend/informate-frontend/node_modules/gensync/index.js:216:13)
    at Generator.next (<anonymous>)
    at cachedFunction (/Users/andreiiacob/informate/Informate/Frontend/informate-frontend/node_modules/@babel/core/lib/config/caching.js:52:46)
    at cachedFunction.next (<anonymous>)
    at loadPresetDescriptor (/Users/andreiiacob/informate/Informate/Frontend/informate-frontend/node_modules/@babel/core/lib/config/full.js:292:43)
    at loadPresetDescriptor.next (<anonymous>)
    at recursePresetDescriptors (/Users/andreiiacob/informate/Informate/Frontend/informate-frontend/node_modules/@babel/core/lib/config/full.js:77:31)
    at recursePresetDescriptors.next (<anonymous>)
    at /Users/andreiiacob/informate/Informate/Frontend/informate-frontend/node_modules/@babel/core/lib/config/full.js:156:21
    at Generator.next (<anonymous>)
    at loadFullConfig (/Users/andreiiacob/informate/Informate/Frontend/informate-frontend/node_modules/@babel/core/lib/config/full.js:113:5)
    at loadFullConfig.next (<anonymous>)
    at transform (/Users/andreiiacob/informate/Informate/Frontend/informate-frontend/node_modules/@babel/core/lib/transform.js:20:44)
    at transform.next (<anonymous>)
    at step (/Users/andreiiacob/informate/Informate/Frontend/informate-frontend/node_modules/gensync/index.js:269:25)
    at /Users/andreiiacob/informate/Informate/Frontend/informate-frontend/node_modules/gensync/index.js:273:13
    at async.call.result.err.err (/Users/andreiiacob/informate/Informate/Frontend/informate-frontend/node_modules/gensync/index.js:223:11)
    at /Users/andreiiacob/informate/Informate/Frontend/informate-frontend/node_modules/gensync/index.js:189:28
    at /Users/andreiiacob/informate/Informate/Frontend/informate-frontend/node_modules/@babel/core/lib/gensync-utils/async.js:67:7
    at /Users/andreiiacob/informate/Informate/Frontend/informate-frontend/node_modules/gensync/index.js:113:33
    at step (/Users/andreiiacob/informate/Informate/Frontend/informate-frontend/node_modules/gensync/index.js:287:14)
    at /Users/andreiiacob/informate/Informate/Frontend/informate-frontend/node_modules/gensync/index.js:273:13
    at async.call.result.err.err (/Users/andreiiacob/informate/Informate/Frontend/informate-frontend/node_modules/gensync/index.js:223:11)
    at /Users/andreiiacob/informate/Informate/Frontend/informate-frontend/node_modules/gensync/index.js:37:40

ERROR in ./node_modules/web-vitals/dist/web-vitals.js
Module build failed (from ./node_modules/source-map-loader/dist/cjs.js):
Error: ENOENT: no such file or directory, open '/Users/andreiiacob/informate/Informate/Frontend/informate-frontend/node_modules/web-vitals/dist/web-vitals.js'

ERROR in ./node_modules/axios/index.js
Module build failed (from ./node_modules/source-map-loader/dist/cjs.js):
Error: ENOENT: no such file or directory, open '/Users/andreiiacob/informate/Informate/Frontend/informate-frontend/node_modules/axios/index.js'

ERROR in ./node_modules/react-router-dom/dist/index.mjs
Module build failed (from ./node_modules/source-map-loader/dist/cjs.js):
Error: ENOENT: no such file or directory, open '/Users/andreiiacob/informate/Informate/Frontend/informate-frontend/node_modules/react-router-dom/dist/index.mjs'

ERROR in Module not found: Error: Can't resolve '/Users/andreiiacob/informate/Informate/Frontend/informate-frontend/node_modules/@pmmmwh/react-refresh-webpack-plugin/client/ReactRefreshEntry.js' in '/Users/andreiiacob/informate/Informate/Frontend/informate-frontend'

ERROR in Module not found: Error: Can't resolve '/Users/andreiiacob/informate/Informate/Frontend/informate-frontend/node_modules/webpack-dev-server/client/index.js?protocol=ws%3A&hostname=0.0.0.0&port=3000&pathname=%2Fws&logging=none&overlay=%7B%22errors%22%3Atrue%2C%22warnings%22%3Afalse%7D&reconnect=10&hot=true&live-reload=true' in '/Users/andreiiacob/informate/Informate/Frontend/informate-frontend'

ERROR in Module not found: Error: Can't resolve '/Users/andreiiacob/informate/Informate/Frontend/informate-frontend/node_modules/webpack/hot/dev-server.js' in '/Users/andreiiacob/informate/Informate/Frontend/informate-frontend'

ERROR in Child compilation failed:
Module not found: Error: Can't resolve '/Users/andreiiacob/informate/Informate/Frontend/informate-frontend/node_modules/html-webpack-plugin/lib/loader.js' in '/Users/andreiiacob/informate/Informate/Frontend/informate-frontend'
ModuleNotFoundError: Module not found: Error: Can't resolve '/Users/andreiiacob/informate/Informate/Frontend/informate-frontend/node_modules/html-webpack-plugin/lib/loader.js' in '/Users/andreiiacob/informate/Informate/Frontend/informate-frontend'
    at /Users/andreiiacob/informate/Informate/Frontend/informate-frontend/node_modules/webpack/lib/Compilation.js:2230:28
    at /Users/andreiiacob/informate/Informate/Frontend/informate-frontend/node_modules/webpack/lib/NormalModuleFactory.js:933:13
    at eval (eval at create (/Users/andreiiacob/informate/Informate/Frontend/informate-frontend/node_modules/tapable/lib/HookCodeFactory.js:33:10), <anonymous>:10:1)
    at /Users/andreiiacob/informate/Informate/Frontend/informate-frontend/node_modules/webpack/lib/NormalModuleFactory.js:347:22
    at eval (eval at create (/Users/andreiiacob/informate/Informate/Frontend/informate-frontend/node_modules/tapable/lib/HookCodeFactory.js:33:10), <anonymous>:9:1)
    at /Users/andreiiacob/informate/Informate/Frontend/informate-frontend/node_modules/webpack/lib/NormalModuleFactory.js:530:22
    at /Users/andreiiacob/informate/Informate/Frontend/informate-frontend/node_modules/webpack/lib/NormalModuleFactory.js:163:10
    at /Users/andreiiacob/informate/Informate/Frontend/informate-frontend/node_modules/webpack/lib/NormalModuleFactory.js:756:23
    at /Users/andreiiacob/informate/Informate/Frontend/informate-frontend/node_modules/neo-async/async.js:2830:7
    at done (/Users/andreiiacob/informate/Informate/Frontend/informate-frontend/node_modules/neo-async/async.js:2925:13)
    at /Users/andreiiacob/informate/Informate/Frontend/informate-frontend/node_modules/webpack/lib/NormalModuleFactory.js:1202:23
    at finishWithoutResolve (/Users/andreiiacob/informate/Informate/Frontend/informate-frontend/node_modules/enhanced-resolve/lib/Resolver.js:570:11)
    at /Users/andreiiacob/informate/Informate/Frontend/informate-frontend/node_modules/enhanced-resolve/lib/Resolver.js:659:14
    at /Users/andreiiacob/informate/Informate/Frontend/informate-frontend/node_modules/enhanced-resolve/lib/Resolver.js:720:5
    at eval (eval at create (/Users/andreiiacob/informate/Informate/Frontend/informate-frontend/node_modules/tapable/lib/HookCodeFactory.js:33:10), <anonymous>:16:1)
    at /Users/andreiiacob/informate/Informate/Frontend/informate-frontend/node_modules/enhanced-resolve/lib/Resolver.js:720:5
    at eval (eval at create (/Users/andreiiacob/informate/Informate/Frontend/informate-frontend/node_modules/tapable/lib/HookCodeFactory.js:33:10), <anonymous>:27:1)
    at /Users/andreiiacob/informate/Informate/Frontend/informate-frontend/node_modules/enhanced-resolve/lib/DescriptionFilePlugin.js:89:43
    at /Users/andreiiacob/informate/Informate/Frontend/informate-frontend/node_modules/enhanced-resolve/lib/Resolver.js:720:5
    at eval (eval at create (/Users/andreiiacob/informate/Informate/Frontend/informate-frontend/node_modules/tapable/lib/HookCodeFactory.js:33:10), <anonymous>:15:1)
    at /Users/andreiiacob/informate/Informate/Frontend/informate-frontend/node_modules/enhanced-resolve/lib/Resolver.js:720:5
    at eval (eval at create (/Users/andreiiacob/informate/Informate/Frontend/informate-frontend/node_modules/tapable/lib/HookCodeFactory.js:33:10), <anonymous>:15:1)
    at /Users/andreiiacob/informate/Informate/Frontend/informate-frontend/node_modules/enhanced-resolve/lib/Resolver.js:720:5
    at eval (eval at create (/Users/andreiiacob/informate/Informate/Frontend/informate-frontend/node_modules/tapable/lib/HookCodeFactory.js:33:10), <anonymous>:16:1)
    at /Users/andreiiacob/informate/Informate/Frontend/informate-frontend/node_modules/enhanced-resolve/lib/Resolver.js:720:5
    at eval (eval at create (/Users/andreiiacob/informate/Informate/Frontend/informate-frontend/node_modules/tapable/lib/HookCodeFactory.js:33:10), <anonymous>:27:1)
    at /Users/andreiiacob/informate/Informate/Frontend/informate-frontend/node_modules/enhanced-resolve/lib/DescriptionFilePlugin.js:89:43
    at /Users/andreiiacob/informate/Informate/Frontend/informate-frontend/node_modules/enhanced-resolve/lib/Resolver.js:720:5
    at eval (eval at create (/Users/andreiiacob/informate/Informate/Frontend/informate-frontend/node_modules/tapable/lib/HookCodeFactory.js:33:10), <anonymous>:16:1)
    at /Users/andreiiacob/informate/Informate/Frontend/informate-frontend/node_modules/enhanced-resolve/lib/Resolver.js:720:5
    at eval (eval at create (/Users/andreiiacob/informate/Informate/Frontend/informate-frontend/node_modules/tapable/lib/HookCodeFactory.js:33:10), <anonymous>:15:1)
    at /Users/andreiiacob/informate/Informate/Frontend/informate-frontend/node_modules/enhanced-resolve/lib/DirectoryExistsPlugin.js:43:15
    at process.processTicksAndRejections (node:internal/process/task_queues:89:21)

webpack compiled with 14 errors
Compiling...
Failed to compile.

Module not found: Error: Can't resolve '/Users/andreiiacob/informate/Informate/Frontend/informate-frontend/node_modules/style-loader/dist/cjs.js' in '/Users/andreiiacob/informate/Informate/Frontend/informate-frontend'
ERROR in ./src/App.js 12:0-19
Module not found: Error: Can't resolve '/Users/andreiiacob/informate/Informate/Frontend/informate-frontend/node_modules/style-loader/dist/cjs.js' in '/Users/andreiiacob/informate/Informate/Frontend/informate-frontend'

ERROR in ./src/index.js 6:0-21
Module not found: Error: Can't resolve '/Users/andreiiacob/informate/Informate/Frontend/informate-frontend/node_modules/style-loader/dist/cjs.js' in '/Users/andreiiacob/informate/Informate/Frontend/informate-frontend'

ERROR in ./node_modules/@pmmmwh/react-refresh-webpack-plugin/lib/runtime/RefreshUtils.js
Module build failed (from ./node_modules/babel-loader/lib/index.js):
Error: [BABEL] /Users/andreiiacob/informate/Informate/Frontend/informate-frontend/node_modules/@pmmmwh/react-refresh-webpack-plugin/lib/runtime/RefreshUtils.js: Cannot find module '/Users/andreiiacob/informate/Informate/Frontend/informate-frontend/node_modules/@babel/runtime/package.json' (While processing: "/Users/andreiiacob/informate/Informate/Frontend/informate-frontend/node_modules/babel-preset-react-app/dependencies.js")
    at createEsmNotFoundErr (node:internal/modules/cjs/loader:1405:15)
    at finalizeEsmResolution (node:internal/modules/cjs/loader:1394:15)
    at resolveExports (node:internal/modules/cjs/loader:650:14)
    at Module._findPath (node:internal/modules/cjs/loader:717:31)
    at Module._resolveFilename (node:internal/modules/cjs/loader:1355:27)
    at require.resolve (node:internal/modules/helpers:145:19)
    at module.exports (/Users/andreiiacob/informate/Informate/Frontend/informate-frontend/node_modules/babel-preset-react-app/dependencies.js:49:15)
    at async (/Users/andreiiacob/informate/Informate/Frontend/informate-frontend/node_modules/@babel/core/lib/gensync-utils/async.js:35:33)
    at async (/Users/andreiiacob/informate/Informate/Frontend/informate-frontend/node_modules/gensync/index.js:186:15)
    at /Users/andreiiacob/informate/Informate/Frontend/informate-frontend/node_modules/gensync/index.js:216:13
    at Generator.next (<anonymous>)
    at /Users/andreiiacob/informate/Informate/Frontend/informate-frontend/node_modules/@babel/core/lib/config/full.js:180:21
    at Generator.next (<anonymous>)
    at Function.<anonymous> (/Users/andreiiacob/informate/Informate/Frontend/informate-frontend/node_modules/@babel/core/lib/gensync-utils/async.js:21:3)
    at Generator.next (<anonymous>)
    at step (/Users/andreiiacob/informate/Informate/Frontend/informate-frontend/node_modules/gensync/index.js:269:25)
    at evaluateAsync (/Users/andreiiacob/informate/Informate/Frontend/informate-frontend/node_modules/gensync/index.js:291:5)
    at Function.errback (/Users/andreiiacob/informate/Informate/Frontend/informate-frontend/node_modules/gensync/index.js:113:7)
    at errback (/Users/andreiiacob/informate/Informate/Frontend/informate-frontend/node_modules/@babel/core/lib/gensync-utils/async.js:65:18)
    at async (/Users/andreiiacob/informate/Informate/Frontend/informate-frontend/node_modules/gensync/index.js:188:17)
    at onFirstPause (/Users/andreiiacob/informate/Informate/Frontend/informate-frontend/node_modules/gensync/index.js:216:13)
    at Generator.next (<anonymous>)
    at cachedFunction (/Users/andreiiacob/informate/Informate/Frontend/informate-frontend/node_modules/@babel/core/lib/config/caching.js:52:46)
    at cachedFunction.next (<anonymous>)
    at loadPresetDescriptor (/Users/andreiiacob/informate/Informate/Frontend/informate-frontend/node_modules/@babel/core/lib/config/full.js:292:43)
    at loadPresetDescriptor.next (<anonymous>)
    at recursePresetDescriptors (/Users/andreiiacob/informate/Informate/Frontend/informate-frontend/node_modules/@babel/core/lib/config/full.js:77:31)
    at recursePresetDescriptors.next (<anonymous>)
    at /Users/andreiiacob/informate/Informate/Frontend/informate-frontend/node_modules/@babel/core/lib/config/full.js:156:21
    at Generator.next (<anonymous>)
    at loadFullConfig (/Users/andreiiacob/informate/Informate/Frontend/informate-frontend/node_modules/@babel/core/lib/config/full.js:113:5)
    at loadFullConfig.next (<anonymous>)
    at transform (/Users/andreiiacob/informate/Informate/Frontend/informate-frontend/node_modules/@babel/core/lib/transform.js:20:44)
    at transform.next (<anonymous>)
    at step (/Users/andreiiacob/informate/Informate/Frontend/informate-frontend/node_modules/gensync/index.js:269:25)
    at /Users/andreiiacob/informate/Informate/Frontend/informate-frontend/node_modules/gensync/index.js:273:13
    at async.call.result.err.err (/Users/andreiiacob/informate/Informate/Frontend/informate-frontend/node_modules/gensync/index.js:223:11)
    at /Users/andreiiacob/informate/Informate/Frontend/informate-frontend/node_modules/gensync/index.js:189:28
    at /Users/andreiiacob/informate/Informate/Frontend/informate-frontend/node_modules/@babel/core/lib/gensync-utils/async.js:67:7
    at /Users/andreiiacob/informate/Informate/Frontend/informate-frontend/node_modules/gensync/index.js:113:33
    at step (/Users/andreiiacob/informate/Informate/Frontend/informate-frontend/node_modules/gensync/index.js:287:14)
    at /Users/andreiiacob/informate/Informate/Frontend/informate-frontend/node_modules/gensync/index.js:273:13
    at async.call.result.err.err (/Users/andreiiacob/informate/Informate/Frontend/informate-frontend/node_modules/gensync/index.js:223:11)
    at /Users/andreiiacob/informate/Informate/Frontend/informate-frontend/node_modules/gensync/index.js:37:40

ERROR in ./node_modules/react-dom/client.js
Module build failed (from ./node_modules/source-map-loader/dist/cjs.js):
Error: ENOENT: no such file or directory, open '/Users/andreiiacob/informate/Informate/Frontend/informate-frontend/node_modules/react-dom/client.js'

ERROR in ./node_modules/react-refresh/runtime.js
Module build failed (from ./node_modules/source-map-loader/dist/cjs.js):
Error: ENOENT: no such file or directory, open '/Users/andreiiacob/informate/Informate/Frontend/informate-frontend/node_modules/react-refresh/runtime.js'

ERROR in ./node_modules/react/index.js
Module build failed (from ./node_modules/babel-loader/lib/index.js):
Error: [BABEL] /Users/andreiiacob/informate/Informate/Frontend/informate-frontend/node_modules/react/index.js: Cannot find module '/Users/andreiiacob/informate/Informate/Frontend/informate-frontend/node_modules/@babel/runtime/package.json' (While processing: "/Users/andreiiacob/informate/Informate/Frontend/informate-frontend/node_modules/babel-preset-react-app/dependencies.js")
    at createEsmNotFoundErr (node:internal/modules/cjs/loader:1405:15)
    at finalizeEsmResolution (node:internal/modules/cjs/loader:1394:15)
    at resolveExports (node:internal/modules/cjs/loader:650:14)
    at Module._findPath (node:internal/modules/cjs/loader:717:31)
    at Module._resolveFilename (node:internal/modules/cjs/loader:1355:27)
    at require.resolve (node:internal/modules/helpers:145:19)
    at module.exports (/Users/andreiiacob/informate/Informate/Frontend/informate-frontend/node_modules/babel-preset-react-app/dependencies.js:49:15)
    at async (/Users/andreiiacob/informate/Informate/Frontend/informate-frontend/node_modules/@babel/core/lib/gensync-utils/async.js:35:33)
    at async (/Users/andreiiacob/informate/Informate/Frontend/informate-frontend/node_modules/gensync/index.js:186:15)
    at /Users/andreiiacob/informate/Informate/Frontend/informate-frontend/node_modules/gensync/index.js:216:13
    at Generator.next (<anonymous>)
    at /Users/andreiiacob/informate/Informate/Frontend/informate-frontend/node_modules/@babel/core/lib/config/full.js:180:21
    at Generator.next (<anonymous>)
    at Function.<anonymous> (/Users/andreiiacob/informate/Informate/Frontend/informate-frontend/node_modules/@babel/core/lib/gensync-utils/async.js:21:3)
    at Generator.next (<anonymous>)
    at step (/Users/andreiiacob/informate/Informate/Frontend/informate-frontend/node_modules/gensync/index.js:269:25)
    at evaluateAsync (/Users/andreiiacob/informate/Informate/Frontend/informate-frontend/node_modules/gensync/index.js:291:5)
    at Function.errback (/Users/andreiiacob/informate/Informate/Frontend/informate-frontend/node_modules/gensync/index.js:113:7)
    at errback (/Users/andreiiacob/informate/Informate/Frontend/informate-frontend/node_modules/@babel/core/lib/gensync-utils/async.js:65:18)
    at async (/Users/andreiiacob/informate/Informate/Frontend/informate-frontend/node_modules/gensync/index.js:188:17)
    at onFirstPause (/Users/andreiiacob/informate/Informate/Frontend/informate-frontend/node_modules/gensync/index.js:216:13)
    at Generator.next (<anonymous>)
    at cachedFunction (/Users/andreiiacob/informate/Informate/Frontend/informate-frontend/node_modules/@babel/core/lib/config/caching.js:52:46)
    at cachedFunction.next (<anonymous>)
    at loadPresetDescriptor (/Users/andreiiacob/informate/Informate/Frontend/informate-frontend/node_modules/@babel/core/lib/config/full.js:292:43)
    at loadPresetDescriptor.next (<anonymous>)
    at recursePresetDescriptors (/Users/andreiiacob/informate/Informate/Frontend/informate-frontend/node_modules/@babel/core/lib/config/full.js:77:31)
    at recursePresetDescriptors.next (<anonymous>)
    at /Users/andreiiacob/informate/Informate/Frontend/informate-frontend/node_modules/@babel/core/lib/config/full.js:156:21
    at Generator.next (<anonymous>)
    at loadFullConfig (/Users/andreiiacob/informate/Informate/Frontend/informate-frontend/node_modules/@babel/core/lib/config/full.js:113:5)
    at loadFullConfig.next (<anonymous>)
    at transform (/Users/andreiiacob/informate/Informate/Frontend/informate-frontend/node_modules/@babel/core/lib/transform.js:20:44)
    at transform.next (<anonymous>)
    at step (/Users/andreiiacob/informate/Informate/Frontend/informate-frontend/node_modules/gensync/index.js:269:25)
    at /Users/andreiiacob/informate/Informate/Frontend/informate-frontend/node_modules/gensync/index.js:273:13
    at async.call.result.err.err (/Users/andreiiacob/informate/Informate/Frontend/informate-frontend/node_modules/gensync/index.js:223:11)
    at /Users/andreiiacob/informate/Informate/Frontend/informate-frontend/node_modules/gensync/index.js:189:28
    at /Users/andreiiacob/informate/Informate/Frontend/informate-frontend/node_modules/@babel/core/lib/gensync-utils/async.js:67:7
    at /Users/andreiiacob/informate/Informate/Frontend/informate-frontend/node_modules/gensync/index.js:113:33
    at step (/Users/andreiiacob/informate/Informate/Frontend/informate-frontend/node_modules/gensync/index.js:287:14)
    at /Users/andreiiacob/informate/Informate/Frontend/informate-frontend/node_modules/gensync/index.js:273:13
    at async.call.result.err.err (/Users/andreiiacob/informate/Informate/Frontend/informate-frontend/node_modules/gensync/index.js:223:11)
    at /Users/andreiiacob/informate/Informate/Frontend/informate-frontend/node_modules/gensync/index.js:37:40

ERROR in ./node_modules/react/jsx-dev-runtime.js
Module build failed (from ./node_modules/babel-loader/lib/index.js):
Error: [BABEL] /Users/andreiiacob/informate/Informate/Frontend/informate-frontend/node_modules/react/jsx-dev-runtime.js: Cannot find module '/Users/andreiiacob/informate/Informate/Frontend/informate-frontend/node_modules/@babel/runtime/package.json' (While processing: "/Users/andreiiacob/informate/Informate/Frontend/informate-frontend/node_modules/babel-preset-react-app/dependencies.js")
    at createEsmNotFoundErr (node:internal/modules/cjs/loader:1405:15)
    at finalizeEsmResolution (node:internal/modules/cjs/loader:1394:15)
    at resolveExports (node:internal/modules/cjs/loader:650:14)
    at Module._findPath (node:internal/modules/cjs/loader:717:31)
    at Module._resolveFilename (node:internal/modules/cjs/loader:1355:27)
    at require.resolve (node:internal/modules/helpers:145:19)
    at module.exports (/Users/andreiiacob/informate/Informate/Frontend/informate-frontend/node_modules/babel-preset-react-app/dependencies.js:49:15)
    at async (/Users/andreiiacob/informate/Informate/Frontend/informate-frontend/node_modules/@babel/core/lib/gensync-utils/async.js:35:33)
    at async (/Users/andreiiacob/informate/Informate/Frontend/informate-frontend/node_modules/gensync/index.js:186:15)
    at /Users/andreiiacob/informate/Informate/Frontend/informate-frontend/node_modules/gensync/index.js:216:13
    at Generator.next (<anonymous>)
    at /Users/andreiiacob/informate/Informate/Frontend/informate-frontend/node_modules/@babel/core/lib/config/full.js:180:21
    at Generator.next (<anonymous>)
    at Function.<anonymous> (/Users/andreiiacob/informate/Informate/Frontend/informate-frontend/node_modules/@babel/core/lib/gensync-utils/async.js:21:3)
    at Generator.next (<anonymous>)
    at step (/Users/andreiiacob/informate/Informate/Frontend/informate-frontend/node_modules/gensync/index.js:269:25)
    at evaluateAsync (/Users/andreiiacob/informate/Informate/Frontend/informate-frontend/node_modules/gensync/index.js:291:5)
    at Function.errback (/Users/andreiiacob/informate/Informate/Frontend/informate-frontend/node_modules/gensync/index.js:113:7)
    at errback (/Users/andreiiacob/informate/Informate/Frontend/informate-frontend/node_modules/@babel/core/lib/gensync-utils/async.js:65:18)
    at async (/Users/andreiiacob/informate/Informate/Frontend/informate-frontend/node_modules/gensync/index.js:188:17)
    at onFirstPause (/Users/andreiiacob/informate/Informate/Frontend/informate-frontend/node_modules/gensync/index.js:216:13)
    at Generator.next (<anonymous>)
    at cachedFunction (/Users/andreiiacob/informate/Informate/Frontend/informate-frontend/node_modules/@babel/core/lib/config/caching.js:52:46)
    at cachedFunction.next (<anonymous>)
    at loadPresetDescriptor (/Users/andreiiacob/informate/Informate/Frontend/informate-frontend/node_modules/@babel/core/lib/config/full.js:292:43)
    at loadPresetDescriptor.next (<anonymous>)
    at recursePresetDescriptors (/Users/andreiiacob/informate/Informate/Frontend/informate-frontend/node_modules/@babel/core/lib/config/full.js:77:31)
    at recursePresetDescriptors.next (<anonymous>)
    at /Users/andreiiacob/informate/Informate/Frontend/informate-frontend/node_modules/@babel/core/lib/config/full.js:156:21
    at Generator.next (<anonymous>)
    at loadFullConfig (/Users/andreiiacob/informate/Informate/Frontend/informate-frontend/node_modules/@babel/core/lib/config/full.js:113:5)
    at loadFullConfig.next (<anonymous>)
    at transform (/Users/andreiiacob/informate/Informate/Frontend/informate-frontend/node_modules/@babel/core/lib/transform.js:20:44)
    at transform.next (<anonymous>)
    at step (/Users/andreiiacob/informate/Informate/Frontend/informate-frontend/node_modules/gensync/index.js:269:25)
    at /Users/andreiiacob/informate/Informate/Frontend/informate-frontend/node_modules/gensync/index.js:273:13
    at async.call.result.err.err (/Users/andreiiacob/informate/Informate/Frontend/informate-frontend/node_modules/gensync/index.js:223:11)
    at /Users/andreiiacob/informate/Informate/Frontend/informate-frontend/node_modules/gensync/index.js:189:28
    at /Users/andreiiacob/informate/Informate/Frontend/informate-frontend/node_modules/@babel/core/lib/gensync-utils/async.js:67:7
    at /Users/andreiiacob/informate/Informate/Frontend/informate-frontend/node_modules/gensync/index.js:113:33
    at step (/Users/andreiiacob/informate/Informate/Frontend/informate-frontend/node_modules/gensync/index.js:287:14)
    at /Users/andreiiacob/informate/Informate/Frontend/informate-frontend/node_modules/gensync/index.js:273:13
    at async.call.result.err.err (/Users/andreiiacob/informate/Informate/Frontend/informate-frontend/node_modules/gensync/index.js:223:11)
    at /Users/andreiiacob/informate/Informate/Frontend/informate-frontend/node_modules/gensync/index.js:37:40

ERROR in ./node_modules/web-vitals/dist/web-vitals.js
Module build failed (from ./node_modules/babel-loader/lib/index.js):
Error: [BABEL] /Users/andreiiacob/informate/Informate/Frontend/informate-frontend/node_modules/web-vitals/dist/web-vitals.js: Cannot find module '/Users/andreiiacob/informate/Informate/Frontend/informate-frontend/node_modules/@babel/runtime/package.json' (While processing: "/Users/andreiiacob/informate/Informate/Frontend/informate-frontend/node_modules/babel-preset-react-app/dependencies.js")
    at createEsmNotFoundErr (node:internal/modules/cjs/loader:1405:15)
    at finalizeEsmResolution (node:internal/modules/cjs/loader:1394:15)
    at resolveExports (node:internal/modules/cjs/loader:650:14)
    at Module._findPath (node:internal/modules/cjs/loader:717:31)
    at Module._resolveFilename (node:internal/modules/cjs/loader:1355:27)
    at require.resolve (node:internal/modules/helpers:145:19)
    at module.exports (/Users/andreiiacob/informate/Informate/Frontend/informate-frontend/node_modules/babel-preset-react-app/dependencies.js:49:15)
    at async (/Users/andreiiacob/informate/Informate/Frontend/informate-frontend/node_modules/@babel/core/lib/gensync-utils/async.js:35:33)
    at async (/Users/andreiiacob/informate/Informate/Frontend/informate-frontend/node_modules/gensync/index.js:186:15)
    at /Users/andreiiacob/informate/Informate/Frontend/informate-frontend/node_modules/gensync/index.js:216:13
    at Generator.next (<anonymous>)
    at /Users/andreiiacob/informate/Informate/Frontend/informate-frontend/node_modules/@babel/core/lib/config/full.js:180:21
    at Generator.next (<anonymous>)
    at Function.<anonymous> (/Users/andreiiacob/informate/Informate/Frontend/informate-frontend/node_modules/@babel/core/lib/gensync-utils/async.js:21:3)
    at Generator.next (<anonymous>)
    at step (/Users/andreiiacob/informate/Informate/Frontend/informate-frontend/node_modules/gensync/index.js:269:25)
    at evaluateAsync (/Users/andreiiacob/informate/Informate/Frontend/informate-frontend/node_modules/gensync/index.js:291:5)
    at Function.errback (/Users/andreiiacob/informate/Informate/Frontend/informate-frontend/node_modules/gensync/index.js:113:7)
    at errback (/Users/andreiiacob/informate/Informate/Frontend/informate-frontend/node_modules/@babel/core/lib/gensync-utils/async.js:65:18)
    at async (/Users/andreiiacob/informate/Informate/Frontend/informate-frontend/node_modules/gensync/index.js:188:17)
    at onFirstPause (/Users/andreiiacob/informate/Informate/Frontend/informate-frontend/node_modules/gensync/index.js:216:13)
    at Generator.next (<anonymous>)
    at cachedFunction (/Users/andreiiacob/informate/Informate/Frontend/informate-frontend/node_modules/@babel/core/lib/config/caching.js:52:46)
    at cachedFunction.next (<anonymous>)
    at loadPresetDescriptor (/Users/andreiiacob/informate/Informate/Frontend/informate-frontend/node_modules/@babel/core/lib/config/full.js:292:43)
    at loadPresetDescriptor.next (<anonymous>)
    at recursePresetDescriptors (/Users/andreiiacob/informate/Informate/Frontend/informate-frontend/node_modules/@babel/core/lib/config/full.js:77:31)
    at recursePresetDescriptors.next (<anonymous>)
    at /Users/andreiiacob/informate/Informate/Frontend/informate-frontend/node_modules/@babel/core/lib/config/full.js:156:21
    at Generator.next (<anonymous>)
    at loadFullConfig (/Users/andreiiacob/informate/Informate/Frontend/informate-frontend/node_modules/@babel/core/lib/config/full.js:113:5)
    at loadFullConfig.next (<anonymous>)
    at transform (/Users/andreiiacob/informate/Informate/Frontend/informate-frontend/node_modules/@babel/core/lib/transform.js:20:44)
    at transform.next (<anonymous>)
    at step (/Users/andreiiacob/informate/Informate/Frontend/informate-frontend/node_modules/gensync/index.js:269:25)
    at /Users/andreiiacob/informate/Informate/Frontend/informate-frontend/node_modules/gensync/index.js:273:13
    at async.call.result.err.err (/Users/andreiiacob/informate/Informate/Frontend/informate-frontend/node_modules/gensync/index.js:223:11)
    at /Users/andreiiacob/informate/Informate/Frontend/informate-frontend/node_modules/gensync/index.js:189:28
    at /Users/andreiiacob/informate/Informate/Frontend/informate-frontend/node_modules/@babel/core/lib/gensync-utils/async.js:67:7
    at /Users/andreiiacob/informate/Informate/Frontend/informate-frontend/node_modules/gensync/index.js:113:33
    at step (/Users/andreiiacob/informate/Informate/Frontend/informate-frontend/node_modules/gensync/index.js:287:14)
    at /Users/andreiiacob/informate/Informate/Frontend/informate-frontend/node_modules/gensync/index.js:273:13
    at async.call.result.err.err (/Users/andreiiacob/informate/Informate/Frontend/informate-frontend/node_modules/gensync/index.js:223:11)
    at /Users/andreiiacob/informate/Informate/Frontend/informate-frontend/node_modules/gensync/index.js:37:40

ERROR in ./node_modules/axios/index.js
Module build failed (from ./node_modules/source-map-loader/dist/cjs.js):
Error: ENOENT: no such file or directory, open '/Users/andreiiacob/informate/Informate/Frontend/informate-frontend/node_modules/axios/index.js'

ERROR in ./node_modules/react-router-dom/dist/index.mjs
Module build failed (from ./node_modules/source-map-loader/dist/cjs.js):
Error: ENOENT: no such file or directory, open '/Users/andreiiacob/informate/Informate/Frontend/informate-frontend/node_modules/react-router-dom/dist/index.mjs'

ERROR in Module not found: Error: Can't resolve '/Users/andreiiacob/informate/Informate/Frontend/informate-frontend/node_modules/@pmmmwh/react-refresh-webpack-plugin/client/ReactRefreshEntry.js' in '/Users/andreiiacob/informate/Informate/Frontend/informate-frontend'

ERROR in Module not found: Error: Can't resolve '/Users/andreiiacob/informate/Informate/Frontend/informate-frontend/node_modules/webpack-dev-server/client/index.js?protocol=ws%3A&hostname=0.0.0.0&port=3000&pathname=%2Fws&logging=none&overlay=%7B%22errors%22%3Atrue%2C%22warnings%22%3Afalse%7D&reconnect=10&hot=true&live-reload=true' in '/Users/andreiiacob/informate/Informate/Frontend/informate-frontend'

ERROR in Module not found: Error: Can't resolve '/Users/andreiiacob/informate/Informate/Frontend/informate-frontend/node_modules/webpack/hot/dev-server.js' in '/Users/andreiiacob/informate/Informate/Frontend/informate-frontend'

ERROR in Child compilation failed:
Module not found: Error: Can't resolve '/Users/andreiiacob/informate/Informate/Frontend/informate-frontend/node_modules/html-webpack-plugin/lib/loader.js' in '/Users/andreiiacob/informate/Informate/Frontend/informate-frontend'
ModuleNotFoundError: Module not found: Error: Can't resolve '/Users/andreiiacob/informate/Informate/Frontend/informate-frontend/node_modules/html-webpack-plugin/lib/loader.js' in '/Users/andreiiacob/informate/Informate/Frontend/informate-frontend'
    at /Users/andreiiacob/informate/Informate/Frontend/informate-frontend/node_modules/webpack/lib/Compilation.js:2230:28
    at /Users/andreiiacob/informate/Informate/Frontend/informate-frontend/node_modules/webpack/lib/NormalModuleFactory.js:933:13
    at eval (eval at create (/Users/andreiiacob/informate/Informate/Frontend/informate-frontend/node_modules/tapable/lib/HookCodeFactory.js:33:10), <anonymous>:10:1)
    at /Users/andreiiacob/informate/Informate/Frontend/informate-frontend/node_modules/webpack/lib/NormalModuleFactory.js:347:22
    at eval (eval at create (/Users/andreiiacob/informate/Informate/Frontend/informate-frontend/node_modules/tapable/lib/HookCodeFactory.js:33:10), <anonymous>:9:1)
    at /Users/andreiiacob/informate/Informate/Frontend/informate-frontend/node_modules/webpack/lib/NormalModuleFactory.js:530:22
    at /Users/andreiiacob/informate/Informate/Frontend/informate-frontend/node_modules/webpack/lib/NormalModuleFactory.js:163:10
    at /Users/andreiiacob/informate/Informate/Frontend/informate-frontend/node_modules/webpack/lib/NormalModuleFactory.js:756:23
    at /Users/andreiiacob/informate/Informate/Frontend/informate-frontend/node_modules/neo-async/async.js:2830:7
    at done (/Users/andreiiacob/informate/Informate/Frontend/informate-frontend/node_modules/neo-async/async.js:2925:13)
    at /Users/andreiiacob/informate/Informate/Frontend/informate-frontend/node_modules/webpack/lib/NormalModuleFactory.js:1202:23
    at finishWithoutResolve (/Users/andreiiacob/informate/Informate/Frontend/informate-frontend/node_modules/enhanced-resolve/lib/Resolver.js:570:11)
    at /Users/andreiiacob/informate/Informate/Frontend/informate-frontend/node_modules/enhanced-resolve/lib/Resolver.js:659:14
    at /Users/andreiiacob/informate/Informate/Frontend/informate-frontend/node_modules/enhanced-resolve/lib/Resolver.js:720:5
    at eval (eval at create (/Users/andreiiacob/informate/Informate/Frontend/informate-frontend/node_modules/tapable/lib/HookCodeFactory.js:33:10), <anonymous>:16:1)
    at /Users/andreiiacob/informate/Informate/Frontend/informate-frontend/node_modules/enhanced-resolve/lib/Resolver.js:720:5
    at eval (eval at create (/Users/andreiiacob/informate/Informate/Frontend/informate-frontend/node_modules/tapable/lib/HookCodeFactory.js:33:10), <anonymous>:27:1)
    at /Users/andreiiacob/informate/Informate/Frontend/informate-frontend/node_modules/enhanced-resolve/lib/DescriptionFilePlugin.js:89:43
    at /Users/andreiiacob/informate/Informate/Frontend/informate-frontend/node_modules/enhanced-resolve/lib/Resolver.js:720:5
    at eval (eval at create (/Users/andreiiacob/informate/Informate/Frontend/informate-frontend/node_modules/tapable/lib/HookCodeFactory.js:33:10), <anonymous>:15:1)
    at /Users/andreiiacob/informate/Informate/Frontend/informate-frontend/node_modules/enhanced-resolve/lib/Resolver.js:720:5
    at eval (eval at create (/Users/andreiiacob/informate/Informate/Frontend/informate-frontend/node_modules/tapable/lib/HookCodeFactory.js:33:10), <anonymous>:15:1)
    at /Users/andreiiacob/informate/Informate/Frontend/informate-frontend/node_modules/enhanced-resolve/lib/Resolver.js:720:5
    at eval (eval at create (/Users/andreiiacob/informate/Informate/Frontend/informate-frontend/node_modules/tapable/lib/HookCodeFactory.js:33:10), <anonymous>:16:1)
    at /Users/andreiiacob/informate/Informate/Frontend/informate-frontend/node_modules/enhanced-resolve/lib/Resolver.js:720:5
    at eval (eval at create (/Users/andreiiacob/informate/Informate/Frontend/informate-frontend/node_modules/tapable/lib/HookCodeFactory.js:33:10), <anonymous>:27:1)
    at /Users/andreiiacob/informate/Informate/Frontend/informate-frontend/node_modules/enhanced-resolve/lib/DescriptionFilePlugin.js:89:43
    at /Users/andreiiacob/informate/Informate/Frontend/informate-frontend/node_modules/enhanced-resolve/lib/Resolver.js:720:5
    at eval (eval at create (/Users/andreiiacob/informate/Informate/Frontend/informate-frontend/node_modules/tapable/lib/HookCodeFactory.js:33:10), <anonymous>:16:1)
    at /Users/andreiiacob/informate/Informate/Frontend/informate-frontend/node_modules/enhanced-resolve/lib/Resolver.js:720:5
    at eval (eval at create (/Users/andreiiacob/informate/Informate/Frontend/informate-frontend/node_modules/tapable/lib/HookCodeFactory.js:33:10), <anonymous>:15:1)
    at /Users/andreiiacob/informate/Informate/Frontend/informate-frontend/node_modules/enhanced-resolve/lib/DirectoryExistsPlugin.js:43:15
    at process.processTicksAndRejections (node:internal/process/task_queues:89:21)

webpack compiled with 14 errors
Compiling...
Failed to compile.

Module not found: Error: Can't resolve '/Users/andreiiacob/informate/Informate/Frontend/informate-frontend/node_modules/style-loader/dist/cjs.js' in '/Users/andreiiacob/informate/Informate/Frontend/informate-frontend'
ERROR in ./src/App.js 12:0-19
Module not found: Error: Can't resolve '/Users/andreiiacob/informate/Informate/Frontend/informate-frontend/node_modules/style-loader/dist/cjs.js' in '/Users/andreiiacob/informate/Informate/Frontend/informate-frontend'

ERROR in ./src/index.js 6:0-21
Module not found: Error: Can't resolve '/Users/andreiiacob/informate/Informate/Frontend/informate-frontend/node_modules/style-loader/dist/cjs.js' in '/Users/andreiiacob/informate/Informate/Frontend/informate-frontend'

ERROR in ./node_modules/@pmmmwh/react-refresh-webpack-plugin/lib/runtime/RefreshUtils.js
Module build failed (from ./node_modules/babel-loader/lib/index.js):
Error: [BABEL] /Users/andreiiacob/informate/Informate/Frontend/informate-frontend/node_modules/@pmmmwh/react-refresh-webpack-plugin/lib/runtime/RefreshUtils.js: Cannot find module '/Users/andreiiacob/informate/Informate/Frontend/informate-frontend/node_modules/@babel/runtime/package.json' (While processing: "/Users/andreiiacob/informate/Informate/Frontend/informate-frontend/node_modules/babel-preset-react-app/dependencies.js")
    at createEsmNotFoundErr (node:internal/modules/cjs/loader:1405:15)
    at finalizeEsmResolution (node:internal/modules/cjs/loader:1394:15)
    at resolveExports (node:internal/modules/cjs/loader:650:14)
    at Module._findPath (node:internal/modules/cjs/loader:717:31)
    at Module._resolveFilename (node:internal/modules/cjs/loader:1355:27)
    at require.resolve (node:internal/modules/helpers:145:19)
    at module.exports (/Users/andreiiacob/informate/Informate/Frontend/informate-frontend/node_modules/babel-preset-react-app/dependencies.js:49:15)
    at async (/Users/andreiiacob/informate/Informate/Frontend/informate-frontend/node_modules/@babel/core/lib/gensync-utils/async.js:35:33)
    at async (/Users/andreiiacob/informate/Informate/Frontend/informate-frontend/node_modules/gensync/index.js:186:15)
    at /Users/andreiiacob/informate/Informate/Frontend/informate-frontend/node_modules/gensync/index.js:216:13
    at Generator.next (<anonymous>)
    at /Users/andreiiacob/informate/Informate/Frontend/informate-frontend/node_modules/@babel/core/lib/config/full.js:180:21
    at Generator.next (<anonymous>)
    at Function.<anonymous> (/Users/andreiiacob/informate/Informate/Frontend/informate-frontend/node_modules/@babel/core/lib/gensync-utils/async.js:21:3)
    at Generator.next (<anonymous>)
    at step (/Users/andreiiacob/informate/Informate/Frontend/informate-frontend/node_modules/gensync/index.js:269:25)
    at evaluateAsync (/Users/andreiiacob/informate/Informate/Frontend/informate-frontend/node_modules/gensync/index.js:291:5)
    at Function.errback (/Users/andreiiacob/informate/Informate/Frontend/informate-frontend/node_modules/gensync/index.js:113:7)
    at errback (/Users/andreiiacob/informate/Informate/Frontend/informate-frontend/node_modules/@babel/core/lib/gensync-utils/async.js:65:18)
    at async (/Users/andreiiacob/informate/Informate/Frontend/informate-frontend/node_modules/gensync/index.js:188:17)
    at onFirstPause (/Users/andreiiacob/informate/Informate/Frontend/informate-frontend/node_modules/gensync/index.js:216:13)
    at Generator.next (<anonymous>)
    at cachedFunction (/Users/andreiiacob/informate/Informate/Frontend/informate-frontend/node_modules/@babel/core/lib/config/caching.js:52:46)
    at cachedFunction.next (<anonymous>)
    at loadPresetDescriptor (/Users/andreiiacob/informate/Informate/Frontend/informate-frontend/node_modules/@babel/core/lib/config/full.js:292:43)
    at loadPresetDescriptor.next (<anonymous>)
    at recursePresetDescriptors (/Users/andreiiacob/informate/Informate/Frontend/informate-frontend/node_modules/@babel/core/lib/config/full.js:77:31)
    at recursePresetDescriptors.next (<anonymous>)
    at /Users/andreiiacob/informate/Informate/Frontend/informate-frontend/node_modules/@babel/core/lib/config/full.js:156:21
    at Generator.next (<anonymous>)
    at loadFullConfig (/Users/andreiiacob/informate/Informate/Frontend/informate-frontend/node_modules/@babel/core/lib/config/full.js:113:5)
    at loadFullConfig.next (<anonymous>)
    at transform (/Users/andreiiacob/informate/Informate/Frontend/informate-frontend/node_modules/@babel/core/lib/transform.js:20:44)
    at transform.next (<anonymous>)
    at step (/Users/andreiiacob/informate/Informate/Frontend/informate-frontend/node_modules/gensync/index.js:269:25)
    at /Users/andreiiacob/informate/Informate/Frontend/informate-frontend/node_modules/gensync/index.js:273:13
    at async.call.result.err.err (/Users/andreiiacob/informate/Informate/Frontend/informate-frontend/node_modules/gensync/index.js:223:11)
    at /Users/andreiiacob/informate/Informate/Frontend/informate-frontend/node_modules/gensync/index.js:189:28
    at /Users/andreiiacob/informate/Informate/Frontend/informate-frontend/node_modules/@babel/core/lib/gensync-utils/async.js:67:7
    at /Users/andreiiacob/informate/Informate/Frontend/informate-frontend/node_modules/gensync/index.js:113:33
    at step (/Users/andreiiacob/informate/Informate/Frontend/informate-frontend/node_modules/gensync/index.js:287:14)
    at /Users/andreiiacob/informate/Informate/Frontend/informate-frontend/node_modules/gensync/index.js:273:13
    at async.call.result.err.err (/Users/andreiiacob/informate/Informate/Frontend/informate-frontend/node_modules/gensync/index.js:223:11)
    at /Users/andreiiacob/informate/Informate/Frontend/informate-frontend/node_modules/gensync/index.js:37:40

ERROR in ./node_modules/react-dom/client.js
Module build failed (from ./node_modules/source-map-loader/dist/cjs.js):
Error: ENOENT: no such file or directory, open '/Users/andreiiacob/informate/Informate/Frontend/informate-frontend/node_modules/react-dom/client.js'

ERROR in ./node_modules/react-refresh/runtime.js
Module build failed (from ./node_modules/source-map-loader/dist/cjs.js):
Error: ENOENT: no such file or directory, open '/Users/andreiiacob/informate/Informate/Frontend/informate-frontend/node_modules/react-refresh/runtime.js'

ERROR in ./node_modules/react/index.js
Module build failed (from ./node_modules/babel-loader/lib/index.js):
Error: [BABEL] /Users/andreiiacob/informate/Informate/Frontend/informate-frontend/node_modules/react/index.js: Cannot find module '/Users/andreiiacob/informate/Informate/Frontend/informate-frontend/node_modules/@babel/runtime/package.json' (While processing: "/Users/andreiiacob/informate/Informate/Frontend/informate-frontend/node_modules/babel-preset-react-app/dependencies.js")
    at createEsmNotFoundErr (node:internal/modules/cjs/loader:1405:15)
    at finalizeEsmResolution (node:internal/modules/cjs/loader:1394:15)
    at resolveExports (node:internal/modules/cjs/loader:650:14)
    at Module._findPath (node:internal/modules/cjs/loader:717:31)
    at Module._resolveFilename (node:internal/modules/cjs/loader:1355:27)
    at require.resolve (node:internal/modules/helpers:145:19)
    at module.exports (/Users/andreiiacob/informate/Informate/Frontend/informate-frontend/node_modules/babel-preset-react-app/dependencies.js:49:15)
    at async (/Users/andreiiacob/informate/Informate/Frontend/informate-frontend/node_modules/@babel/core/lib/gensync-utils/async.js:35:33)
    at async (/Users/andreiiacob/informate/Informate/Frontend/informate-frontend/node_modules/gensync/index.js:186:15)
    at /Users/andreiiacob/informate/Informate/Frontend/informate-frontend/node_modules/gensync/index.js:216:13
    at Generator.next (<anonymous>)
    at /Users/andreiiacob/informate/Informate/Frontend/informate-frontend/node_modules/@babel/core/lib/config/full.js:180:21
    at Generator.next (<anonymous>)
    at Function.<anonymous> (/Users/andreiiacob/informate/Informate/Frontend/informate-frontend/node_modules/@babel/core/lib/gensync-utils/async.js:21:3)
    at Generator.next (<anonymous>)
    at step (/Users/andreiiacob/informate/Informate/Frontend/informate-frontend/node_modules/gensync/index.js:269:25)
    at evaluateAsync (/Users/andreiiacob/informate/Informate/Frontend/informate-frontend/node_modules/gensync/index.js:291:5)
    at Function.errback (/Users/andreiiacob/informate/Informate/Frontend/informate-frontend/node_modules/gensync/index.js:113:7)
    at errback (/Users/andreiiacob/informate/Informate/Frontend/informate-frontend/node_modules/@babel/core/lib/gensync-utils/async.js:65:18)
    at async (/Users/andreiiacob/informate/Informate/Frontend/informate-frontend/node_modules/gensync/index.js:188:17)
    at onFirstPause (/Users/andreiiacob/informate/Informate/Frontend/informate-frontend/node_modules/gensync/index.js:216:13)
    at Generator.next (<anonymous>)
    at cachedFunction (/Users/andreiiacob/informate/Informate/Frontend/informate-frontend/node_modules/@babel/core/lib/config/caching.js:52:46)
    at cachedFunction.next (<anonymous>)
    at loadPresetDescriptor (/Users/andreiiacob/informate/Informate/Frontend/informate-frontend/node_modules/@babel/core/lib/config/full.js:292:43)
    at loadPresetDescriptor.next (<anonymous>)
    at recursePresetDescriptors (/Users/andreiiacob/informate/Informate/Frontend/informate-frontend/node_modules/@babel/core/lib/config/full.js:77:31)
    at recursePresetDescriptors.next (<anonymous>)
    at /Users/andreiiacob/informate/Informate/Frontend/informate-frontend/node_modules/@babel/core/lib/config/full.js:156:21
    at Generator.next (<anonymous>)
    at loadFullConfig (/Users/andreiiacob/informate/Informate/Frontend/informate-frontend/node_modules/@babel/core/lib/config/full.js:113:5)
    at loadFullConfig.next (<anonymous>)
    at transform (/Users/andreiiacob/informate/Informate/Frontend/informate-frontend/node_modules/@babel/core/lib/transform.js:20:44)
    at transform.next (<anonymous>)
    at step (/Users/andreiiacob/informate/Informate/Frontend/informate-frontend/node_modules/gensync/index.js:269:25)
    at /Users/andreiiacob/informate/Informate/Frontend/informate-frontend/node_modules/gensync/index.js:273:13
    at async.call.result.err.err (/Users/andreiiacob/informate/Informate/Frontend/informate-frontend/node_modules/gensync/index.js:223:11)
    at /Users/andreiiacob/informate/Informate/Frontend/informate-frontend/node_modules/gensync/index.js:189:28
    at /Users/andreiiacob/informate/Informate/Frontend/informate-frontend/node_modules/@babel/core/lib/gensync-utils/async.js:67:7
    at /Users/andreiiacob/informate/Informate/Frontend/informate-frontend/node_modules/gensync/index.js:113:33
    at step (/Users/andreiiacob/informate/Informate/Frontend/informate-frontend/node_modules/gensync/index.js:287:14)
    at /Users/andreiiacob/informate/Informate/Frontend/informate-frontend/node_modules/gensync/index.js:273:13
    at async.call.result.err.err (/Users/andreiiacob/informate/Informate/Frontend/informate-frontend/node_modules/gensync/index.js:223:11)
    at /Users/andreiiacob/informate/Informate/Frontend/informate-frontend/node_modules/gensync/index.js:37:40

ERROR in ./node_modules/react/jsx-dev-runtime.js
Module build failed (from ./node_modules/babel-loader/lib/index.js):
Error: [BABEL] /Users/andreiiacob/informate/Informate/Frontend/informate-frontend/node_modules/react/jsx-dev-runtime.js: Cannot find module '/Users/andreiiacob/informate/Informate/Frontend/informate-frontend/node_modules/@babel/runtime/package.json' (While processing: "/Users/andreiiacob/informate/Informate/Frontend/informate-frontend/node_modules/babel-preset-react-app/dependencies.js")
    at createEsmNotFoundErr (node:internal/modules/cjs/loader:1405:15)
    at finalizeEsmResolution (node:internal/modules/cjs/loader:1394:15)
    at resolveExports (node:internal/modules/cjs/loader:650:14)
    at Module._findPath (node:internal/modules/cjs/loader:717:31)
    at Module._resolveFilename (node:internal/modules/cjs/loader:1355:27)
    at require.resolve (node:internal/modules/helpers:145:19)
    at module.exports (/Users/andreiiacob/informate/Informate/Frontend/informate-frontend/node_modules/babel-preset-react-app/dependencies.js:49:15)
    at async (/Users/andreiiacob/informate/Informate/Frontend/informate-frontend/node_modules/@babel/core/lib/gensync-utils/async.js:35:33)
    at async (/Users/andreiiacob/informate/Informate/Frontend/informate-frontend/node_modules/gensync/index.js:186:15)
    at /Users/andreiiacob/informate/Informate/Frontend/informate-frontend/node_modules/gensync/index.js:216:13
    at Generator.next (<anonymous>)
    at /Users/andreiiacob/informate/Informate/Frontend/informate-frontend/node_modules/@babel/core/lib/config/full.js:180:21
    at Generator.next (<anonymous>)
    at Function.<anonymous> (/Users/andreiiacob/informate/Informate/Frontend/informate-frontend/node_modules/@babel/core/lib/gensync-utils/async.js:21:3)
    at Generator.next (<anonymous>)
    at step (/Users/andreiiacob/informate/Informate/Frontend/informate-frontend/node_modules/gensync/index.js:269:25)
    at evaluateAsync (/Users/andreiiacob/informate/Informate/Frontend/informate-frontend/node_modules/gensync/index.js:291:5)
    at Function.errback (/Users/andreiiacob/informate/Informate/Frontend/informate-frontend/node_modules/gensync/index.js:113:7)
    at errback (/Users/andreiiacob/informate/Informate/Frontend/informate-frontend/node_modules/@babel/core/lib/gensync-utils/async.js:65:18)
    at async (/Users/andreiiacob/informate/Informate/Frontend/informate-frontend/node_modules/gensync/index.js:188:17)
    at onFirstPause (/Users/andreiiacob/informate/Informate/Frontend/informate-frontend/node_modules/gensync/index.js:216:13)
    at Generator.next (<anonymous>)
    at cachedFunction (/Users/andreiiacob/informate/Informate/Frontend/informate-frontend/node_modules/@babel/core/lib/config/caching.js:52:46)
    at cachedFunction.next (<anonymous>)
    at loadPresetDescriptor (/Users/andreiiacob/informate/Informate/Frontend/informate-frontend/node_modules/@babel/core/lib/config/full.js:292:43)
    at loadPresetDescriptor.next (<anonymous>)
    at recursePresetDescriptors (/Users/andreiiacob/informate/Informate/Frontend/informate-frontend/node_modules/@babel/core/lib/config/full.js:77:31)
    at recursePresetDescriptors.next (<anonymous>)
    at /Users/andreiiacob/informate/Informate/Frontend/informate-frontend/node_modules/@babel/core/lib/config/full.js:156:21
    at Generator.next (<anonymous>)
    at loadFullConfig (/Users/andreiiacob/informate/Informate/Frontend/informate-frontend/node_modules/@babel/core/lib/config/full.js:113:5)
    at loadFullConfig.next (<anonymous>)
    at transform (/Users/andreiiacob/informate/Informate/Frontend/informate-frontend/node_modules/@babel/core/lib/transform.js:20:44)
    at transform.next (<anonymous>)
    at step (/Users/andreiiacob/informate/Informate/Frontend/informate-frontend/node_modules/gensync/index.js:269:25)
    at /Users/andreiiacob/informate/Informate/Frontend/informate-frontend/node_modules/gensync/index.js:273:13
    at async.call.result.err.err (/Users/andreiiacob/informate/Informate/Frontend/informate-frontend/node_modules/gensync/index.js:223:11)
    at /Users/andreiiacob/informate/Informate/Frontend/informate-frontend/node_modules/gensync/index.js:189:28
    at /Users/andreiiacob/informate/Informate/Frontend/informate-frontend/node_modules/@babel/core/lib/gensync-utils/async.js:67:7
    at /Users/andreiiacob/informate/Informate/Frontend/informate-frontend/node_modules/gensync/index.js:113:33
    at step (/Users/andreiiacob/informate/Informate/Frontend/informate-frontend/node_modules/gensync/index.js:287:14)
    at /Users/andreiiacob/informate/Informate/Frontend/informate-frontend/node_modules/gensync/index.js:273:13
    at async.call.result.err.err (/Users/andreiiacob/informate/Informate/Frontend/informate-frontend/node_modules/gensync/index.js:223:11)
    at /Users/andreiiacob/informate/Informate/Frontend/informate-frontend/node_modules/gensync/index.js:37:40

ERROR in ./node_modules/web-vitals/dist/web-vitals.js
Module build failed (from ./node_modules/babel-loader/lib/index.js):
Error: [BABEL] /Users/andreiiacob/informate/Informate/Frontend/informate-frontend/node_modules/web-vitals/dist/web-vitals.js: Cannot find module '/Users/andreiiacob/informate/Informate/Frontend/informate-frontend/node_modules/@babel/runtime/package.json' (While processing: "/Users/andreiiacob/informate/Informate/Frontend/informate-frontend/node_modules/babel-preset-react-app/dependencies.js")
    at createEsmNotFoundErr (node:internal/modules/cjs/loader:1405:15)
    at finalizeEsmResolution (node:internal/modules/cjs/loader:1394:15)
    at resolveExports (node:internal/modules/cjs/loader:650:14)
    at Module._findPath (node:internal/modules/cjs/loader:717:31)
    at Module._resolveFilename (node:internal/modules/cjs/loader:1355:27)
    at require.resolve (node:internal/modules/helpers:145:19)
    at module.exports (/Users/andreiiacob/informate/Informate/Frontend/informate-frontend/node_modules/babel-preset-react-app/dependencies.js:49:15)
    at async (/Users/andreiiacob/informate/Informate/Frontend/informate-frontend/node_modules/@babel/core/lib/gensync-utils/async.js:35:33)
    at async (/Users/andreiiacob/informate/Informate/Frontend/informate-frontend/node_modules/gensync/index.js:186:15)
    at /Users/andreiiacob/informate/Informate/Frontend/informate-frontend/node_modules/gensync/index.js:216:13
    at Generator.next (<anonymous>)
    at /Users/andreiiacob/informate/Informate/Frontend/informate-frontend/node_modules/@babel/core/lib/config/full.js:180:21
    at Generator.next (<anonymous>)
    at Function.<anonymous> (/Users/andreiiacob/informate/Informate/Frontend/informate-frontend/node_modules/@babel/core/lib/gensync-utils/async.js:21:3)
    at Generator.next (<anonymous>)
    at step (/Users/andreiiacob/informate/Informate/Frontend/informate-frontend/node_modules/gensync/index.js:269:25)
    at evaluateAsync (/Users/andreiiacob/informate/Informate/Frontend/informate-frontend/node_modules/gensync/index.js:291:5)
    at Function.errback (/Users/andreiiacob/informate/Informate/Frontend/informate-frontend/node_modules/gensync/index.js:113:7)
    at errback (/Users/andreiiacob/informate/Informate/Frontend/informate-frontend/node_modules/@babel/core/lib/gensync-utils/async.js:65:18)
    at async (/Users/andreiiacob/informate/Informate/Frontend/informate-frontend/node_modules/gensync/index.js:188:17)
    at onFirstPause (/Users/andreiiacob/informate/Informate/Frontend/informate-frontend/node_modules/gensync/index.js:216:13)
    at Generator.next (<anonymous>)
    at cachedFunction (/Users/andreiiacob/informate/Informate/Frontend/informate-frontend/node_modules/@babel/core/lib/config/caching.js:52:46)
    at cachedFunction.next (<anonymous>)
    at loadPresetDescriptor (/Users/andreiiacob/informate/Informate/Frontend/informate-frontend/node_modules/@babel/core/lib/config/full.js:292:43)
    at loadPresetDescriptor.next (<anonymous>)
    at recursePresetDescriptors (/Users/andreiiacob/informate/Informate/Frontend/informate-frontend/node_modules/@babel/core/lib/config/full.js:77:31)
    at recursePresetDescriptors.next (<anonymous>)
    at /Users/andreiiacob/informate/Informate/Frontend/informate-frontend/node_modules/@babel/core/lib/config/full.js:156:21
    at Generator.next (<anonymous>)
    at loadFullConfig (/Users/andreiiacob/informate/Informate/Frontend/informate-frontend/node_modules/@babel/core/lib/config/full.js:113:5)
    at loadFullConfig.next (<anonymous>)
    at transform (/Users/andreiiacob/informate/Informate/Frontend/informate-frontend/node_modules/@babel/core/lib/transform.js:20:44)
    at transform.next (<anonymous>)
    at step (/Users/andreiiacob/informate/Informate/Frontend/informate-frontend/node_modules/gensync/index.js:269:25)
    at /Users/andreiiacob/informate/Informate/Frontend/informate-frontend/node_modules/gensync/index.js:273:13
    at async.call.result.err.err (/Users/andreiiacob/informate/Informate/Frontend/informate-frontend/node_modules/gensync/index.js:223:11)
    at /Users/andreiiacob/informate/Informate/Frontend/informate-frontend/node_modules/gensync/index.js:189:28
    at /Users/andreiiacob/informate/Informate/Frontend/informate-frontend/node_modules/@babel/core/lib/gensync-utils/async.js:67:7
    at /Users/andreiiacob/informate/Informate/Frontend/informate-frontend/node_modules/gensync/index.js:113:33
    at step (/Users/andreiiacob/informate/Informate/Frontend/informate-frontend/node_modules/gensync/index.js:287:14)
    at /Users/andreiiacob/informate/Informate/Frontend/informate-frontend/node_modules/gensync/index.js:273:13
    at async.call.result.err.err (/Users/andreiiacob/informate/Informate/Frontend/informate-frontend/node_modules/gensync/index.js:223:11)
    at /Users/andreiiacob/informate/Informate/Frontend/informate-frontend/node_modules/gensync/index.js:37:40

ERROR in ./node_modules/axios/index.js
Module build failed (from ./node_modules/babel-loader/lib/index.js):
Error: [BABEL] /Users/andreiiacob/informate/Informate/Frontend/informate-frontend/node_modules/axios/index.js: Cannot find module '/Users/andreiiacob/informate/Informate/Frontend/informate-frontend/node_modules/@babel/runtime/package.json' (While processing: "/Users/andreiiacob/informate/Informate/Frontend/informate-frontend/node_modules/babel-preset-react-app/dependencies.js")
    at createEsmNotFoundErr (node:internal/modules/cjs/loader:1405:15)
    at finalizeEsmResolution (node:internal/modules/cjs/loader:1394:15)
    at resolveExports (node:internal/modules/cjs/loader:650:14)
    at Module._findPath (node:internal/modules/cjs/loader:717:31)
    at Module._resolveFilename (node:internal/modules/cjs/loader:1355:27)
    at require.resolve (node:internal/modules/helpers:145:19)
    at module.exports (/Users/andreiiacob/informate/Informate/Frontend/informate-frontend/node_modules/babel-preset-react-app/dependencies.js:49:15)
    at async (/Users/andreiiacob/informate/Informate/Frontend/informate-frontend/node_modules/@babel/core/lib/gensync-utils/async.js:35:33)
    at async (/Users/andreiiacob/informate/Informate/Frontend/informate-frontend/node_modules/gensync/index.js:186:15)
    at /Users/andreiiacob/informate/Informate/Frontend/informate-frontend/node_modules/gensync/index.js:216:13
    at Generator.next (<anonymous>)
    at /Users/andreiiacob/informate/Informate/Frontend/informate-frontend/node_modules/@babel/core/lib/config/full.js:180:21
    at Generator.next (<anonymous>)
    at Function.<anonymous> (/Users/andreiiacob/informate/Informate/Frontend/informate-frontend/node_modules/@babel/core/lib/gensync-utils/async.js:21:3)
    at Generator.next (<anonymous>)
    at step (/Users/andreiiacob/informate/Informate/Frontend/informate-frontend/node_modules/gensync/index.js:269:25)
    at evaluateAsync (/Users/andreiiacob/informate/Informate/Frontend/informate-frontend/node_modules/gensync/index.js:291:5)
    at Function.errback (/Users/andreiiacob/informate/Informate/Frontend/informate-frontend/node_modules/gensync/index.js:113:7)
    at errback (/Users/andreiiacob/informate/Informate/Frontend/informate-frontend/node_modules/@babel/core/lib/gensync-utils/async.js:65:18)
    at async (/Users/andreiiacob/informate/Informate/Frontend/informate-frontend/node_modules/gensync/index.js:188:17)
    at onFirstPause (/Users/andreiiacob/informate/Informate/Frontend/informate-frontend/node_modules/gensync/index.js:216:13)
    at Generator.next (<anonymous>)
    at cachedFunction (/Users/andreiiacob/informate/Informate/Frontend/informate-frontend/node_modules/@babel/core/lib/config/caching.js:52:46)
    at cachedFunction.next (<anonymous>)
    at loadPresetDescriptor (/Users/andreiiacob/informate/Informate/Frontend/informate-frontend/node_modules/@babel/core/lib/config/full.js:292:43)
    at loadPresetDescriptor.next (<anonymous>)
    at recursePresetDescriptors (/Users/andreiiacob/informate/Informate/Frontend/informate-frontend/node_modules/@babel/core/lib/config/full.js:77:31)
    at recursePresetDescriptors.next (<anonymous>)
    at /Users/andreiiacob/informate/Informate/Frontend/informate-frontend/node_modules/@babel/core/lib/config/full.js:156:21
    at Generator.next (<anonymous>)
    at loadFullConfig (/Users/andreiiacob/informate/Informate/Frontend/informate-frontend/node_modules/@babel/core/lib/config/full.js:113:5)
    at loadFullConfig.next (<anonymous>)
    at transform (/Users/andreiiacob/informate/Informate/Frontend/informate-frontend/node_modules/@babel/core/lib/transform.js:20:44)
    at transform.next (<anonymous>)
    at step (/Users/andreiiacob/informate/Informate/Frontend/informate-frontend/node_modules/gensync/index.js:269:25)
    at /Users/andreiiacob/informate/Informate/Frontend/informate-frontend/node_modules/gensync/index.js:273:13
    at async.call.result.err.err (/Users/andreiiacob/informate/Informate/Frontend/informate-frontend/node_modules/gensync/index.js:223:11)
    at /Users/andreiiacob/informate/Informate/Frontend/informate-frontend/node_modules/gensync/index.js:189:28
    at /Users/andreiiacob/informate/Informate/Frontend/informate-frontend/node_modules/@babel/core/lib/gensync-utils/async.js:67:7
    at /Users/andreiiacob/informate/Informate/Frontend/informate-frontend/node_modules/gensync/index.js:113:33
    at step (/Users/andreiiacob/informate/Informate/Frontend/informate-frontend/node_modules/gensync/index.js:287:14)
    at /Users/andreiiacob/informate/Informate/Frontend/informate-frontend/node_modules/gensync/index.js:273:13
    at async.call.result.err.err (/Users/andreiiacob/informate/Informate/Frontend/informate-frontend/node_modules/gensync/index.js:223:11)
    at /Users/andreiiacob/informate/Informate/Frontend/informate-frontend/node_modules/gensync/index.js:37:40

ERROR in ./node_modules/react-router-dom/dist/index.mjs
Module build failed (from ./node_modules/source-map-loader/dist/cjs.js):
Error: ENOENT: no such file or directory, open '/Users/andreiiacob/informate/Informate/Frontend/informate-frontend/node_modules/react-router-dom/dist/index.mjs'

ERROR in Module not found: Error: Can't resolve '/Users/andreiiacob/informate/Informate/Frontend/informate-frontend/node_modules/@pmmmwh/react-refresh-webpack-plugin/client/ReactRefreshEntry.js' in '/Users/andreiiacob/informate/Informate/Frontend/informate-frontend'

ERROR in Module not found: Error: Can't resolve '/Users/andreiiacob/informate/Informate/Frontend/informate-frontend/node_modules/webpack-dev-server/client/index.js?protocol=ws%3A&hostname=0.0.0.0&port=3000&pathname=%2Fws&logging=none&overlay=%7B%22errors%22%3Atrue%2C%22warnings%22%3Afalse%7D&reconnect=10&hot=true&live-reload=true' in '/Users/andreiiacob/informate/Informate/Frontend/informate-frontend'

ERROR in Module not found: Error: Can't resolve '/Users/andreiiacob/informate/Informate/Frontend/informate-frontend/node_modules/webpack/hot/dev-server.js' in '/Users/andreiiacob/informate/Informate/Frontend/informate-frontend'

ERROR in Child compilation failed:
Module not found: Error: Can't resolve '/Users/andreiiacob/informate/Informate/Frontend/informate-frontend/node_modules/html-webpack-plugin/lib/loader.js' in '/Users/andreiiacob/informate/Informate/Frontend/informate-frontend'
ModuleNotFoundError: Module not found: Error: Can't resolve '/Users/andreiiacob/informate/Informate/Frontend/informate-frontend/node_modules/html-webpack-plugin/lib/loader.js' in '/Users/andreiiacob/informate/Informate/Frontend/informate-frontend'
    at /Users/andreiiacob/informate/Informate/Frontend/informate-frontend/node_modules/webpack/lib/Compilation.js:2230:28
    at /Users/andreiiacob/informate/Informate/Frontend/informate-frontend/node_modules/webpack/lib/NormalModuleFactory.js:933:13
    at eval (eval at create (/Users/andreiiacob/informate/Informate/Frontend/informate-frontend/node_modules/tapable/lib/HookCodeFactory.js:33:10), <anonymous>:10:1)
    at /Users/andreiiacob/informate/Informate/Frontend/informate-frontend/node_modules/webpack/lib/NormalModuleFactory.js:347:22
    at eval (eval at create (/Users/andreiiacob/informate/Informate/Frontend/informate-frontend/node_modules/tapable/lib/HookCodeFactory.js:33:10), <anonymous>:9:1)
    at /Users/andreiiacob/informate/Informate/Frontend/informate-frontend/node_modules/webpack/lib/NormalModuleFactory.js:530:22
    at /Users/andreiiacob/informate/Informate/Frontend/informate-frontend/node_modules/webpack/lib/NormalModuleFactory.js:163:10
    at /Users/andreiiacob/informate/Informate/Frontend/informate-frontend/node_modules/webpack/lib/NormalModuleFactory.js:756:23
    at /Users/andreiiacob/informate/Informate/Frontend/informate-frontend/node_modules/neo-async/async.js:2830:7
    at done (/Users/andreiiacob/informate/Informate/Frontend/informate-frontend/node_modules/neo-async/async.js:2925:13)
    at /Users/andreiiacob/informate/Informate/Frontend/informate-frontend/node_modules/webpack/lib/NormalModuleFactory.js:1202:23
    at finishWithoutResolve (/Users/andreiiacob/informate/Informate/Frontend/informate-frontend/node_modules/enhanced-resolve/lib/Resolver.js:570:11)
    at /Users/andreiiacob/informate/Informate/Frontend/informate-frontend/node_modules/enhanced-resolve/lib/Resolver.js:659:14
    at /Users/andreiiacob/informate/Informate/Frontend/informate-frontend/node_modules/enhanced-resolve/lib/Resolver.js:720:5
    at eval (eval at create (/Users/andreiiacob/informate/Informate/Frontend/informate-frontend/node_modules/tapable/lib/HookCodeFactory.js:33:10), <anonymous>:16:1)
    at /Users/andreiiacob/informate/Informate/Frontend/informate-frontend/node_modules/enhanced-resolve/lib/Resolver.js:720:5
    at eval (eval at create (/Users/andreiiacob/informate/Informate/Frontend/informate-frontend/node_modules/tapable/lib/HookCodeFactory.js:33:10), <anonymous>:27:1)
    at /Users/andreiiacob/informate/Informate/Frontend/informate-frontend/node_modules/enhanced-resolve/lib/DescriptionFilePlugin.js:89:43
    at /Users/andreiiacob/informate/Informate/Frontend/informate-frontend/node_modules/enhanced-resolve/lib/Resolver.js:720:5
    at eval (eval at create (/Users/andreiiacob/informate/Informate/Frontend/informate-frontend/node_modules/tapable/lib/HookCodeFactory.js:33:10), <anonymous>:15:1)
    at /Users/andreiiacob/informate/Informate/Frontend/informate-frontend/node_modules/enhanced-resolve/lib/Resolver.js:720:5
    at eval (eval at create (/Users/andreiiacob/informate/Informate/Frontend/informate-frontend/node_modules/tapable/lib/HookCodeFactory.js:33:10), <anonymous>:15:1)
    at /Users/andreiiacob/informate/Informate/Frontend/informate-frontend/node_modules/enhanced-resolve/lib/Resolver.js:720:5
    at eval (eval at create (/Users/andreiiacob/informate/Informate/Frontend/informate-frontend/node_modules/tapable/lib/HookCodeFactory.js:33:10), <anonymous>:16:1)
    at /Users/andreiiacob/informate/Informate/Frontend/informate-frontend/node_modules/enhanced-resolve/lib/Resolver.js:720:5
    at eval (eval at create (/Users/andreiiacob/informate/Informate/Frontend/informate-frontend/node_modules/tapable/lib/HookCodeFactory.js:33:10), <anonymous>:27:1)
    at /Users/andreiiacob/informate/Informate/Frontend/informate-frontend/node_modules/enhanced-resolve/lib/DescriptionFilePlugin.js:89:43
    at /Users/andreiiacob/informate/Informate/Frontend/informate-frontend/node_modules/enhanced-resolve/lib/Resolver.js:720:5
    at eval (eval at create (/Users/andreiiacob/informate/Informate/Frontend/informate-frontend/node_modules/tapable/lib/HookCodeFactory.js:33:10), <anonymous>:16:1)
    at /Users/andreiiacob/informate/Informate/Frontend/informate-frontend/node_modules/enhanced-resolve/lib/Resolver.js:720:5
    at eval (eval at create (/Users/andreiiacob/informate/Informate/Frontend/informate-frontend/node_modules/tapable/lib/HookCodeFactory.js:33:10), <anonymous>:15:1)
    at /Users/andreiiacob/informate/Informate/Frontend/informate-frontend/node_modules/enhanced-resolve/lib/DirectoryExistsPlugin.js:43:15
    at process.processTicksAndRejections (node:internal/process/task_queues:89:21)

webpack compiled with 14 errors
Compiling...
Failed to compile.

Module not found: Error: Can't resolve '/Users/andreiiacob/informate/Informate/Frontend/informate-frontend/node_modules/style-loader/dist/cjs.js' in '/Users/andreiiacob/informate/Informate/Frontend/informate-frontend'
LOG from webpack.FileSystemInfo
<w> Managed item /Users/andreiiacob/informate/Informate/Frontend/informate-frontend/node_modules/react isn't a directory or doesn't contain a package.json (see snapshot.managedPaths option)
<w> Managed item /Users/andreiiacob/informate/Informate/Frontend/informate-frontend/node_modules/axios isn't a directory or doesn't contain a package.json (see snapshot.managedPaths option)
<w> Managed item /Users/andreiiacob/informate/Informate/Frontend/informate-frontend/node_modules/@pmmmwh/react-refresh-webpack-plugin isn't a directory or doesn't contain a package.json (see snapshot.managedPaths option)
+ 13 hidden lines

ERROR in ./src/App.js 12:0-19
Module not found: Error: Can't resolve '/Users/andreiiacob/informate/Informate/Frontend/informate-frontend/node_modules/style-loader/dist/cjs.js' in '/Users/andreiiacob/informate/Informate/Frontend/informate-frontend'

ERROR in ./src/index.js 6:0-21
Module not found: Error: Can't resolve '/Users/andreiiacob/informate/Informate/Frontend/informate-frontend/node_modules/style-loader/dist/cjs.js' in '/Users/andreiiacob/informate/Informate/Frontend/informate-frontend'

ERROR in ./node_modules/axios/lib/adapters/http.js 8:0-24
Module not found: Error: Can't resolve 'http' in '/Users/andreiiacob/informate/Informate/Frontend/informate-frontend/node_modules/axios/lib/adapters'
Did you mean './http'?
Requests that should resolve in the current directory need to start with './'.
Requests that start with a name are treated as module requests and resolve within module directories (node_modules, /Users/andreiiacob/informate/Informate/Frontend/informate-frontend/node_modules).
If changing the source code is not an option there is also a resolve options called 'preferRelative' which tries to resolve these kind of requests in the current directory too.

BREAKING CHANGE: webpack < 5 used to include polyfills for node.js core modules by default.
This is no longer the case. Verify if you need this module and configure a polyfill for it.

If you want to include a polyfill, you need to:
	- add a fallback 'resolve.fallback: { "http": require.resolve("stream-http") }'
	- install 'stream-http'
If you don't want to include a polyfill, you can use an empty module like this:
	resolve.fallback: { "http": false }

ERROR in ./node_modules/axios/lib/adapters/http.js 9:0-26
Module not found: Error: Can't resolve 'https' in '/Users/andreiiacob/informate/Informate/Frontend/informate-frontend/node_modules/axios/lib/adapters'

BREAKING CHANGE: webpack < 5 used to include polyfills for node.js core modules by default.
This is no longer the case. Verify if you need this module and configure a polyfill for it.

If you want to include a polyfill, you need to:
	- add a fallback 'resolve.fallback: { "https": require.resolve("https-browserify") }'
	- install 'https-browserify'
If you don't want to include a polyfill, you can use an empty module like this:
	resolve.fallback: { "https": false }

ERROR in ./node_modules/axios/lib/adapters/http.js 10:0-24
Module not found: Error: Can't resolve 'util' in '/Users/andreiiacob/informate/Informate/Frontend/informate-frontend/node_modules/axios/lib/adapters'

BREAKING CHANGE: webpack < 5 used to include polyfills for node.js core modules by default.
This is no longer the case. Verify if you need this module and configure a polyfill for it.

If you want to include a polyfill, you need to:
	- add a fallback 'resolve.fallback: { "util": require.resolve("util/") }'
	- install 'util'
If you don't want to include a polyfill, you can use an empty module like this:
	resolve.fallback: { "util": false }

ERROR in ./node_modules/axios/lib/adapters/http.js 12:0-24
Module not found: Error: Can't resolve 'zlib' in '/Users/andreiiacob/informate/Informate/Frontend/informate-frontend/node_modules/axios/lib/adapters'

BREAKING CHANGE: webpack < 5 used to include polyfills for node.js core modules by default.
This is no longer the case. Verify if you need this module and configure a polyfill for it.

If you want to include a polyfill, you need to:
	- add a fallback 'resolve.fallback: { "zlib": require.resolve("browserify-zlib") }'
	- install 'browserify-zlib'
If you don't want to include a polyfill, you can use an empty module like this:
	resolve.fallback: { "zlib": false }

ERROR in ./node_modules/axios/lib/adapters/http.js 19:0-28
Module not found: Error: Can't resolve 'stream' in '/Users/andreiiacob/informate/Informate/Frontend/informate-frontend/node_modules/axios/lib/adapters'

BREAKING CHANGE: webpack < 5 used to include polyfills for node.js core modules by default.
This is no longer the case. Verify if you need this module and configure a polyfill for it.

If you want to include a polyfill, you need to:
	- add a fallback 'resolve.fallback: { "stream": require.resolve("stream-browserify") }'
	- install 'stream-browserify'
If you don't want to include a polyfill, you can use an empty module like this:
	resolve.fallback: { "stream": false }

ERROR in ./node_modules/axios/lib/helpers/AxiosTransformStream.js 3:0-28
Module not found: Error: Can't resolve 'stream' in '/Users/andreiiacob/informate/Informate/Frontend/informate-frontend/node_modules/axios/lib/helpers'

BREAKING CHANGE: webpack < 5 used to include polyfills for node.js core modules by default.
This is no longer the case. Verify if you need this module and configure a polyfill for it.

If you want to include a polyfill, you need to:
	- add a fallback 'resolve.fallback: { "stream": require.resolve("stream-browserify") }'
	- install 'stream-browserify'
If you don't want to include a polyfill, you can use an empty module like this:
	resolve.fallback: { "stream": false }

ERROR in ./node_modules/axios/lib/helpers/ZlibHeaderTransformStream.js 3:0-28
Module not found: Error: Can't resolve 'stream' in '/Users/andreiiacob/informate/Informate/Frontend/informate-frontend/node_modules/axios/lib/helpers'

BREAKING CHANGE: webpack < 5 used to include polyfills for node.js core modules by default.
This is no longer the case. Verify if you need this module and configure a polyfill for it.

If you want to include a polyfill, you need to:
	- add a fallback 'resolve.fallback: { "stream": require.resolve("stream-browserify") }'
	- install 'stream-browserify'
If you don't want to include a polyfill, you can use an empty module like this:
	resolve.fallback: { "stream": false }

ERROR in ./node_modules/axios/lib/helpers/formDataToStream.js 1:0-24
Module not found: Error: Can't resolve 'util' in '/Users/andreiiacob/informate/Informate/Frontend/informate-frontend/node_modules/axios/lib/helpers'

BREAKING CHANGE: webpack < 5 used to include polyfills for node.js core modules by default.
This is no longer the case. Verify if you need this module and configure a polyfill for it.

If you want to include a polyfill, you need to:
	- add a fallback 'resolve.fallback: { "util": require.resolve("util/") }'
	- install 'util'
If you don't want to include a polyfill, you can use an empty module like this:
	resolve.fallback: { "util": false }

ERROR in ./node_modules/axios/lib/helpers/formDataToStream.js 2:0-34
Module not found: Error: Can't resolve 'stream' in '/Users/andreiiacob/informate/Informate/Frontend/informate-frontend/node_modules/axios/lib/helpers'

BREAKING CHANGE: webpack < 5 used to include polyfills for node.js core modules by default.
This is no longer the case. Verify if you need this module and configure a polyfill for it.

If you want to include a polyfill, you need to:
	- add a fallback 'resolve.fallback: { "stream": require.resolve("stream-browserify") }'
	- install 'stream-browserify'
If you don't want to include a polyfill, you can use an empty module like this:
	resolve.fallback: { "stream": false }

ERROR in ./node_modules/axios/lib/platform/node/classes/URLSearchParams.js 3:0-22
Module not found: Error: Can't resolve 'url' in '/Users/andreiiacob/informate/Informate/Frontend/informate-frontend/node_modules/axios/lib/platform/node/classes'

BREAKING CHANGE: webpack < 5 used to include polyfills for node.js core modules by default.
This is no longer the case. Verify if you need this module and configure a polyfill for it.

If you want to include a polyfill, you need to:
	- add a fallback 'resolve.fallback: { "url": require.resolve("url/") }'
	- install 'url'
If you don't want to include a polyfill, you can use an empty module like this:
	resolve.fallback: { "url": false }

ERROR in ./node_modules/axios/lib/platform/node/index.js 1:0-28
Module not found: Error: Can't resolve 'crypto' in '/Users/andreiiacob/informate/Informate/Frontend/informate-frontend/node_modules/axios/lib/platform/node'

BREAKING CHANGE: webpack < 5 used to include polyfills for node.js core modules by default.
This is no longer the case. Verify if you need this module and configure a polyfill for it.

If you want to include a polyfill, you need to:
	- add a fallback 'resolve.fallback: { "crypto": require.resolve("crypto-browserify") }'
	- install 'crypto-browserify'
If you don't want to include a polyfill, you can use an empty module like this:
	resolve.fallback: { "crypto": false }

ERROR in ./node_modules/follow-redirects/index.js 1:10-24
Module not found: Error: Can't resolve 'url' in '/Users/andreiiacob/informate/Informate/Frontend/informate-frontend/node_modules/follow-redirects'

BREAKING CHANGE: webpack < 5 used to include polyfills for node.js core modules by default.
This is no longer the case. Verify if you need this module and configure a polyfill for it.

If you want to include a polyfill, you need to:
	- add a fallback 'resolve.fallback: { "url": require.resolve("url/") }'
	- install 'url'
If you don't want to include a polyfill, you can use an empty module like this:
	resolve.fallback: { "url": false }

ERROR in ./node_modules/follow-redirects/index.js 3:11-26
Module not found: Error: Can't resolve 'http' in '/Users/andreiiacob/informate/Informate/Frontend/informate-frontend/node_modules/follow-redirects'
Did you mean './http'?
Requests that should resolve in the current directory need to start with './'.
Requests that start with a name are treated as module requests and resolve within module directories (node_modules, /Users/andreiiacob/informate/Informate/Frontend/informate-frontend/node_modules).
If changing the source code is not an option there is also a resolve options called 'preferRelative' which tries to resolve these kind of requests in the current directory too.

BREAKING CHANGE: webpack < 5 used to include polyfills for node.js core modules by default.
This is no longer the case. Verify if you need this module and configure a polyfill for it.

If you want to include a polyfill, you need to:
	- add a fallback 'resolve.fallback: { "http": require.resolve("stream-http") }'
	- install 'stream-http'
If you don't want to include a polyfill, you can use an empty module like this:
	resolve.fallback: { "http": false }

ERROR in ./node_modules/follow-redirects/index.js 4:12-28
Module not found: Error: Can't resolve 'https' in '/Users/andreiiacob/informate/Informate/Frontend/informate-frontend/node_modules/follow-redirects'
Did you mean './https'?
Requests that should resolve in the current directory need to start with './'.
Requests that start with a name are treated as module requests and resolve within module directories (node_modules, /Users/andreiiacob/informate/Informate/Frontend/informate-frontend/node_modules).
If changing the source code is not an option there is also a resolve options called 'preferRelative' which tries to resolve these kind of requests in the current directory too.

BREAKING CHANGE: webpack < 5 used to include polyfills for node.js core modules by default.
This is no longer the case. Verify if you need this module and configure a polyfill for it.

If you want to include a polyfill, you need to:
	- add a fallback 'resolve.fallback: { "https": require.resolve("https-browserify") }'
	- install 'https-browserify'
If you don't want to include a polyfill, you can use an empty module like this:
	resolve.fallback: { "https": false }

ERROR in ./node_modules/follow-redirects/index.js 5:15-41
Module not found: Error: Can't resolve 'stream' in '/Users/andreiiacob/informate/Informate/Frontend/informate-frontend/node_modules/follow-redirects'

BREAKING CHANGE: webpack < 5 used to include polyfills for node.js core modules by default.
This is no longer the case. Verify if you need this module and configure a polyfill for it.

If you want to include a polyfill, you need to:
	- add a fallback 'resolve.fallback: { "stream": require.resolve("stream-browserify") }'
	- install 'stream-browserify'
If you don't want to include a polyfill, you can use an empty module like this:
	resolve.fallback: { "stream": false }

ERROR in ./node_modules/follow-redirects/index.js 6:13-30
Module not found: Error: Can't resolve 'assert' in '/Users/andreiiacob/informate/Informate/Frontend/informate-frontend/node_modules/follow-redirects'

BREAKING CHANGE: webpack < 5 used to include polyfills for node.js core modules by default.
This is no longer the case. Verify if you need this module and configure a polyfill for it.

If you want to include a polyfill, you need to:
	- add a fallback 'resolve.fallback: { "assert": require.resolve("assert/") }'
	- install 'assert'
If you don't want to include a polyfill, you can use an empty module like this:
	resolve.fallback: { "assert": false }

ERROR in ./node_modules/proxy-from-env/index.js 3:15-35
Module not found: Error: Can't resolve 'url' in '/Users/andreiiacob/informate/Informate/Frontend/informate-frontend/node_modules/proxy-from-env'

BREAKING CHANGE: webpack < 5 used to include polyfills for node.js core modules by default.
This is no longer the case. Verify if you need this module and configure a polyfill for it.

If you want to include a polyfill, you need to:
	- add a fallback 'resolve.fallback: { "url": require.resolve("url/") }'
	- install 'url'
If you don't want to include a polyfill, you can use an empty module like this:
	resolve.fallback: { "url": false }

ERROR in ./node_modules/react-dom/client.js
Module build failed (from ./node_modules/source-map-loader/dist/cjs.js):
Error: ENOENT: no such file or directory, open '/Users/andreiiacob/informate/Informate/Frontend/informate-frontend/node_modules/react-dom/client.js'

ERROR in ./node_modules/react-refresh/runtime.js
Module build failed (from ./node_modules/source-map-loader/dist/cjs.js):
Error: ENOENT: no such file or directory, open '/Users/andreiiacob/informate/Informate/Frontend/informate-frontend/node_modules/react-refresh/runtime.js'

ERROR in ./node_modules/webpack/hot/dev-server.js 12:12-28
Module not found: Error: Can't resolve './log' in '/Users/andreiiacob/informate/Informate/Frontend/informate-frontend/node_modules/webpack/hot'

ERROR in ./node_modules/webpack/hot/dev-server.js 26:6-35
Module not found: Error: Can't resolve './log-apply-result' in '/Users/andreiiacob/informate/Informate/Frontend/informate-frontend/node_modules/webpack/hot'

ERROR in ./node_modules/react-router-dom/dist/index.mjs
Module build failed (from ./node_modules/source-map-loader/dist/cjs.js):
Error: ENOENT: no such file or directory, open '/Users/andreiiacob/informate/Informate/Frontend/informate-frontend/node_modules/react-router-dom/dist/index.mjs'

ERROR in Module not found: Error: Can't resolve '/Users/andreiiacob/informate/Informate/Frontend/informate-frontend/node_modules/@pmmmwh/react-refresh-webpack-plugin/client/ReactRefreshEntry.js' in '/Users/andreiiacob/informate/Informate/Frontend/informate-frontend'

ERROR in Module not found: Error: Can't resolve '/Users/andreiiacob/informate/Informate/Frontend/informate-frontend/node_modules/webpack-dev-server/client/index.js?protocol=ws%3A&hostname=0.0.0.0&port=3000&pathname=%2Fws&logging=none&overlay=%7B%22errors%22%3Atrue%2C%22warnings%22%3Afalse%7D&reconnect=10&hot=true&live-reload=true' in '/Users/andreiiacob/informate/Informate/Frontend/informate-frontend'

ERROR in Error: Child compilation failed:
  Module not found: Error: Can't resolve '/Users/andreiiacob/informate/Informate  /Frontend/informate-frontend/node_modules/html-webpack-plugin/lib/loader.js' i  n '/Users/andreiiacob/informate/Informate/Frontend/informate-frontend'
  ModuleNotFoundError: Module not found: Error: Can't resolve '/Users/andreiiaco  b/informate/Informate/Frontend/informate-frontend/node_modules/html-webpack-pl  ugin/lib/loader.js' in '/Users/andreiiacob/informate/Informate/Frontend/inform  ate-frontend'
      at /Users/andreiiacob/informate/Informate/Frontend/informate-frontend/node  _modules/webpack/lib/Compilation.js:2230:28
      at /Users/andreiiacob/informate/Informate/Frontend/informate-frontend/node  _modules/webpack/lib/NormalModuleFactory.js:933:13
      at eval (eval at create (/Users/andreiiacob/informate/Informate/Frontend/i  nformate-frontend/node_modules/tapable/lib/HookCodeFactory.js:33:10), <anonymo  us>:10:1)
      at /Users/andreiiacob/informate/Informate/Frontend/informate-frontend/node  _modules/webpack/lib/NormalModuleFactory.js:347:22
      at eval (eval at create (/Users/andreiiacob/informate/Informate/Frontend/i  nformate-frontend/node_modules/tapable/lib/HookCodeFactory.js:33:10), <anonymo  us>:9:1)
      at /Users/andreiiacob/informate/Informate/Frontend/informate-frontend/node  _modules/webpack/lib/NormalModuleFactory.js:530:22
      at /Users/andreiiacob/informate/Informate/Frontend/informate-frontend/node  _modules/webpack/lib/NormalModuleFactory.js:163:10
      at /Users/andreiiacob/informate/Informate/Frontend/informate-frontend/node  _modules/webpack/lib/NormalModuleFactory.js:756:23
      at /Users/andreiiacob/informate/Informate/Frontend/informate-frontend/node  _modules/neo-async/async.js:2830:7
      at done (/Users/andreiiacob/informate/Informate/Frontend/informate-fronten  d/node_modules/neo-async/async.js:2925:13)
      at /Users/andreiiacob/informate/Informate/Frontend/informate-frontend/node  _modules/webpack/lib/NormalModuleFactory.js:1202:23
      at finishWithoutResolve (/Users/andreiiacob/informate/Informate/Frontend/i  nformate-frontend/node_modules/enhanced-resolve/lib/Resolver.js:570:11)
      at /Users/andreiiacob/informate/Informate/Frontend/informate-frontend/node  _modules/enhanced-resolve/lib/Resolver.js:659:14
      at /Users/andreiiacob/informate/Informate/Frontend/informate-frontend/node  _modules/enhanced-resolve/lib/Resolver.js:720:5
      at eval (eval at create (/Users/andreiiacob/informate/Informate/Frontend/i  nformate-frontend/node_modules/tapable/lib/HookCodeFactory.js:33:10), <anonymo  us>:16:1)
      at /Users/andreiiacob/informate/Informate/Frontend/informate-frontend/node  _modules/enhanced-resolve/lib/Resolver.js:720:5
      at eval (eval at create (/Users/andreiiacob/informate/Informate/Frontend/i  nformate-frontend/node_modules/tapable/lib/HookCodeFactory.js:33:10), <anonymo  us>:27:1)
      at /Users/andreiiacob/informate/Informate/Frontend/informate-frontend/node  _modules/enhanced-resolve/lib/DescriptionFilePlugin.js:89:43
      at /Users/andreiiacob/informate/Informate/Frontend/informate-frontend/node  _modules/enhanced-resolve/lib/Resolver.js:720:5
      at eval (eval at create (/Users/andreiiacob/informate/Informate/Frontend/i  nformate-frontend/node_modules/tapable/lib/HookCodeFactory.js:33:10), <anonymo  us>:15:1)
      at /Users/andreiiacob/informate/Informate/Frontend/informate-frontend/node  _modules/enhanced-resolve/lib/Resolver.js:720:5
      at eval (eval at create (/Users/andreiiacob/informate/Informate/Frontend/i  nformate-frontend/node_modules/tapable/lib/HookCodeFactory.js:33:10), <anonymo  us>:15:1)
      at /Users/andreiiacob/informate/Informate/Frontend/informate-frontend/node  _modules/enhanced-resolve/lib/Resolver.js:720:5
      at eval (eval at create (/Users/andreiiacob/informate/Informate/Frontend/i  nformate-frontend/node_modules/tapable/lib/HookCodeFactory.js:33:10), <anonymo  us>:16:1)
      at /Users/andreiiacob/informate/Informate/Frontend/informate-frontend/node  _modules/enhanced-resolve/lib/Resolver.js:720:5
      at eval (eval at create (/Users/andreiiacob/informate/Informate/Frontend/i  nformate-frontend/node_modules/tapable/lib/HookCodeFactory.js:33:10), <anonymo  us>:27:1)
      at /Users/andreiiacob/informate/Informate/Frontend/informate-frontend/node  _modules/enhanced-resolve/lib/DescriptionFilePlugin.js:89:43
      at /Users/andreiiacob/informate/Informate/Frontend/informate-frontend/node  _modules/enhanced-resolve/lib/Resolver.js:720:5
      at eval (eval at create (/Users/andreiiacob/informate/Informate/Frontend/i  nformate-frontend/node_modules/tapable/lib/HookCodeFactory.js:33:10), <anonymo  us>:16:1)
      at /Users/andreiiacob/informate/Informate/Frontend/informate-frontend/node  _modules/enhanced-resolve/lib/Resolver.js:720:5
      at eval (eval at create (/Users/andreiiacob/informate/Informate/Frontend/i  nformate-frontend/node_modules/tapable/lib/HookCodeFactory.js:33:10), <anonymo  us>:15:1)
      at /Users/andreiiacob/informate/Informate/Frontend/informate-frontend/node  _modules/enhanced-resolve/lib/DirectoryExistsPlugin.js:43:15
      at process.processTicksAndRejections (node:internal/process/task_queues:89  :21)
  
  - Compilation.js:2230 
    [informate-frontend]/[webpack]/lib/Compilation.js:2230:28
  
  - NormalModuleFactory.js:933 
    [informate-frontend]/[webpack]/lib/NormalModuleFactory.js:933:13
  
  
  - NormalModuleFactory.js:347 
    [informate-frontend]/[webpack]/lib/NormalModuleFactory.js:347:22
  
  
  - NormalModuleFactory.js:530 
    [informate-frontend]/[webpack]/lib/NormalModuleFactory.js:530:22
  
  - NormalModuleFactory.js:163 
    [informate-frontend]/[webpack]/lib/NormalModuleFactory.js:163:10
  
  - NormalModuleFactory.js:756 
    [informate-frontend]/[webpack]/lib/NormalModuleFactory.js:756:23
  
  - async.js:2830 
    [informate-frontend]/[neo-async]/async.js:2830:7
  
  - async.js:2925 done
    [informate-frontend]/[neo-async]/async.js:2925:13
  
  - NormalModuleFactory.js:1202 
    [informate-frontend]/[webpack]/lib/NormalModuleFactory.js:1202:23
  
  - Resolver.js:570 finishWithoutResolve
    [informate-frontend]/[enhanced-resolve]/lib/Resolver.js:570:11
  
  - Resolver.js:659 
    [informate-frontend]/[enhanced-resolve]/lib/Resolver.js:659:14
  
  - Resolver.js:720 
    [informate-frontend]/[enhanced-resolve]/lib/Resolver.js:720:5
  
  
  - Resolver.js:720 
    [informate-frontend]/[enhanced-resolve]/lib/Resolver.js:720:5
  
  
  - DescriptionFilePlugin.js:89 
    [informate-frontend]/[enhanced-resolve]/lib/DescriptionFilePlugin.js:89:43
  
  - Resolver.js:720 
    [informate-frontend]/[enhanced-resolve]/lib/Resolver.js:720:5
  
  
  - Resolver.js:720 
    [informate-frontend]/[enhanced-resolve]/lib/Resolver.js:720:5
  
  
  - Resolver.js:720 
    [informate-frontend]/[enhanced-resolve]/lib/Resolver.js:720:5
  
  
  - Resolver.js:720 
    [informate-frontend]/[enhanced-resolve]/lib/Resolver.js:720:5
  
  
  - DescriptionFilePlugin.js:89 
    [informate-frontend]/[enhanced-resolve]/lib/DescriptionFilePlugin.js:89:43
  
  - Resolver.js:720 
    [informate-frontend]/[enhanced-resolve]/lib/Resolver.js:720:5
  
  
  - Resolver.js:720 
    [informate-frontend]/[enhanced-resolve]/lib/Resolver.js:720:5
  
  
  - DirectoryExistsPlugin.js:43 
    [informate-frontend]/[enhanced-resolve]/lib/DirectoryExistsPlugin.js:43:15
  
  - task_queues:89 process.processTicksAndRejections
    node:internal/process/task_queues:89:21
  
  - child-compiler.js:211 
    [informate-frontend]/[html-webpack-plugin]/lib/child-compiler.js:211:18
  
  - Compiler.js:625 finalCallback
    [informate-frontend]/[webpack]/lib/Compiler.js:625:5
  
  - Compiler.js:661 
    [informate-frontend]/[webpack]/lib/Compiler.js:661:11
  
  - Compiler.js:1347 
    [informate-frontend]/[webpack]/lib/Compiler.js:1347:17
  
  
  - Hook.js:20 Hook.CALL_ASYNC_DELEGATE [as _callAsync]
    [informate-frontend]/[tapable]/lib/Hook.js:20:14
  
  - Compiler.js:1343 
    [informate-frontend]/[webpack]/lib/Compiler.js:1343:33
  
  - Compilation.js:3061 finalCallback
    [informate-frontend]/[webpack]/lib/Compilation.js:3061:11
  
  - Compilation.js:3404 
    [informate-frontend]/[webpack]/lib/Compilation.js:3404:11
  
  
  - Hook.js:20 Hook.CALL_ASYNC_DELEGATE [as _callAsync]
    [informate-frontend]/[tapable]/lib/Hook.js:20:14
  
  - Compilation.js:3397 
    [informate-frontend]/[webpack]/lib/Compilation.js:3397:38
  
  
  - Compilation.js:605 
    [informate-frontend]/[webpack]/lib/Compilation.js:605:11
  
  - SourceMapDevToolPlugin.js:600 
    [informate-frontend]/[webpack]/lib/SourceMapDevToolPlugin.js:600:10
  
  - async.js:2830 
    [informate-frontend]/[neo-async]/async.js:2830:7
  
  - async.js:2857 Object.each
    [informate-frontend]/[neo-async]/async.js:2857:9
  
  - SourceMapDevToolPlugin.js:416 
    [informate-frontend]/[webpack]/lib/SourceMapDevToolPlugin.js:416:17

webpack compiled with 27 errors
Compiling...
Failed to compile.

Module not found: Error: Can't resolve '/Users/andreiiacob/informate/Informate/Frontend/informate-frontend/node_modules/style-loader/dist/cjs.js' in '/Users/andreiiacob/informate/Informate/Frontend/informate-frontend'
ERROR in ./src/App.js 12:0-19
Module not found: Error: Can't resolve '/Users/andreiiacob/informate/Informate/Frontend/informate-frontend/node_modules/style-loader/dist/cjs.js' in '/Users/andreiiacob/informate/Informate/Frontend/informate-frontend'

ERROR in ./src/index.js 6:0-21
Module not found: Error: Can't resolve '/Users/andreiiacob/informate/Informate/Frontend/informate-frontend/node_modules/style-loader/dist/cjs.js' in '/Users/andreiiacob/informate/Informate/Frontend/informate-frontend'

ERROR in ./node_modules/axios/lib/adapters/http.js 8:0-24
Module not found: Error: Can't resolve 'http' in '/Users/andreiiacob/informate/Informate/Frontend/informate-frontend/node_modules/axios/lib/adapters'
Did you mean './http'?
Requests that should resolve in the current directory need to start with './'.
Requests that start with a name are treated as module requests and resolve within module directories (node_modules, /Users/andreiiacob/informate/Informate/Frontend/informate-frontend/node_modules).
If changing the source code is not an option there is also a resolve options called 'preferRelative' which tries to resolve these kind of requests in the current directory too.

BREAKING CHANGE: webpack < 5 used to include polyfills for node.js core modules by default.
This is no longer the case. Verify if you need this module and configure a polyfill for it.

If you want to include a polyfill, you need to:
	- add a fallback 'resolve.fallback: { "http": require.resolve("stream-http") }'
	- install 'stream-http'
If you don't want to include a polyfill, you can use an empty module like this:
	resolve.fallback: { "http": false }

ERROR in ./node_modules/axios/lib/adapters/http.js 9:0-26
Module not found: Error: Can't resolve 'https' in '/Users/andreiiacob/informate/Informate/Frontend/informate-frontend/node_modules/axios/lib/adapters'

BREAKING CHANGE: webpack < 5 used to include polyfills for node.js core modules by default.
This is no longer the case. Verify if you need this module and configure a polyfill for it.

If you want to include a polyfill, you need to:
	- add a fallback 'resolve.fallback: { "https": require.resolve("https-browserify") }'
	- install 'https-browserify'
If you don't want to include a polyfill, you can use an empty module like this:
	resolve.fallback: { "https": false }

ERROR in ./node_modules/axios/lib/adapters/http.js 10:0-24
Module not found: Error: Can't resolve 'util' in '/Users/andreiiacob/informate/Informate/Frontend/informate-frontend/node_modules/axios/lib/adapters'

BREAKING CHANGE: webpack < 5 used to include polyfills for node.js core modules by default.
This is no longer the case. Verify if you need this module and configure a polyfill for it.

If you want to include a polyfill, you need to:
	- add a fallback 'resolve.fallback: { "util": require.resolve("util/") }'
	- install 'util'
If you don't want to include a polyfill, you can use an empty module like this:
	resolve.fallback: { "util": false }

ERROR in ./node_modules/axios/lib/adapters/http.js 12:0-24
Module not found: Error: Can't resolve 'zlib' in '/Users/andreiiacob/informate/Informate/Frontend/informate-frontend/node_modules/axios/lib/adapters'

BREAKING CHANGE: webpack < 5 used to include polyfills for node.js core modules by default.
This is no longer the case. Verify if you need this module and configure a polyfill for it.

If you want to include a polyfill, you need to:
	- add a fallback 'resolve.fallback: { "zlib": require.resolve("browserify-zlib") }'
	- install 'browserify-zlib'
If you don't want to include a polyfill, you can use an empty module like this:
	resolve.fallback: { "zlib": false }

ERROR in ./node_modules/axios/lib/adapters/http.js 19:0-28
Module not found: Error: Can't resolve 'stream' in '/Users/andreiiacob/informate/Informate/Frontend/informate-frontend/node_modules/axios/lib/adapters'

BREAKING CHANGE: webpack < 5 used to include polyfills for node.js core modules by default.
This is no longer the case. Verify if you need this module and configure a polyfill for it.

If you want to include a polyfill, you need to:
	- add a fallback 'resolve.fallback: { "stream": require.resolve("stream-browserify") }'
	- install 'stream-browserify'
If you don't want to include a polyfill, you can use an empty module like this:
	resolve.fallback: { "stream": false }

ERROR in ./node_modules/axios/lib/helpers/AxiosTransformStream.js 3:0-28
Module not found: Error: Can't resolve 'stream' in '/Users/andreiiacob/informate/Informate/Frontend/informate-frontend/node_modules/axios/lib/helpers'

BREAKING CHANGE: webpack < 5 used to include polyfills for node.js core modules by default.
This is no longer the case. Verify if you need this module and configure a polyfill for it.

If you want to include a polyfill, you need to:
	- add a fallback 'resolve.fallback: { "stream": require.resolve("stream-browserify") }'
	- install 'stream-browserify'
If you don't want to include a polyfill, you can use an empty module like this:
	resolve.fallback: { "stream": false }

ERROR in ./node_modules/axios/lib/helpers/ZlibHeaderTransformStream.js 3:0-28
Module not found: Error: Can't resolve 'stream' in '/Users/andreiiacob/informate/Informate/Frontend/informate-frontend/node_modules/axios/lib/helpers'

BREAKING CHANGE: webpack < 5 used to include polyfills for node.js core modules by default.
This is no longer the case. Verify if you need this module and configure a polyfill for it.

If you want to include a polyfill, you need to:
	- add a fallback 'resolve.fallback: { "stream": require.resolve("stream-browserify") }'
	- install 'stream-browserify'
If you don't want to include a polyfill, you can use an empty module like this:
	resolve.fallback: { "stream": false }

ERROR in ./node_modules/axios/lib/helpers/formDataToStream.js 1:0-24
Module not found: Error: Can't resolve 'util' in '/Users/andreiiacob/informate/Informate/Frontend/informate-frontend/node_modules/axios/lib/helpers'

BREAKING CHANGE: webpack < 5 used to include polyfills for node.js core modules by default.
This is no longer the case. Verify if you need this module and configure a polyfill for it.

If you want to include a polyfill, you need to:
	- add a fallback 'resolve.fallback: { "util": require.resolve("util/") }'
	- install 'util'
If you don't want to include a polyfill, you can use an empty module like this:
	resolve.fallback: { "util": false }

ERROR in ./node_modules/axios/lib/helpers/formDataToStream.js 2:0-34
Module not found: Error: Can't resolve 'stream' in '/Users/andreiiacob/informate/Informate/Frontend/informate-frontend/node_modules/axios/lib/helpers'

BREAKING CHANGE: webpack < 5 used to include polyfills for node.js core modules by default.
This is no longer the case. Verify if you need this module and configure a polyfill for it.

If you want to include a polyfill, you need to:
	- add a fallback 'resolve.fallback: { "stream": require.resolve("stream-browserify") }'
	- install 'stream-browserify'
If you don't want to include a polyfill, you can use an empty module like this:
	resolve.fallback: { "stream": false }

ERROR in ./node_modules/axios/lib/platform/node/classes/URLSearchParams.js 3:0-22
Module not found: Error: Can't resolve 'url' in '/Users/andreiiacob/informate/Informate/Frontend/informate-frontend/node_modules/axios/lib/platform/node/classes'

BREAKING CHANGE: webpack < 5 used to include polyfills for node.js core modules by default.
This is no longer the case. Verify if you need this module and configure a polyfill for it.

If you want to include a polyfill, you need to:
	- add a fallback 'resolve.fallback: { "url": require.resolve("url/") }'
	- install 'url'
If you don't want to include a polyfill, you can use an empty module like this:
	resolve.fallback: { "url": false }

ERROR in ./node_modules/axios/lib/platform/node/index.js 1:0-28
Module not found: Error: Can't resolve 'crypto' in '/Users/andreiiacob/informate/Informate/Frontend/informate-frontend/node_modules/axios/lib/platform/node'

BREAKING CHANGE: webpack < 5 used to include polyfills for node.js core modules by default.
This is no longer the case. Verify if you need this module and configure a polyfill for it.

If you want to include a polyfill, you need to:
	- add a fallback 'resolve.fallback: { "crypto": require.resolve("crypto-browserify") }'
	- install 'crypto-browserify'
If you don't want to include a polyfill, you can use an empty module like this:
	resolve.fallback: { "crypto": false }

ERROR in ./node_modules/follow-redirects/index.js 1:10-24
Module not found: Error: Can't resolve 'url' in '/Users/andreiiacob/informate/Informate/Frontend/informate-frontend/node_modules/follow-redirects'

BREAKING CHANGE: webpack < 5 used to include polyfills for node.js core modules by default.
This is no longer the case. Verify if you need this module and configure a polyfill for it.

If you want to include a polyfill, you need to:
	- add a fallback 'resolve.fallback: { "url": require.resolve("url/") }'
	- install 'url'
If you don't want to include a polyfill, you can use an empty module like this:
	resolve.fallback: { "url": false }

ERROR in ./node_modules/follow-redirects/index.js 3:11-26
Module not found: Error: Can't resolve 'http' in '/Users/andreiiacob/informate/Informate/Frontend/informate-frontend/node_modules/follow-redirects'
Did you mean './http'?
Requests that should resolve in the current directory need to start with './'.
Requests that start with a name are treated as module requests and resolve within module directories (node_modules, /Users/andreiiacob/informate/Informate/Frontend/informate-frontend/node_modules).
If changing the source code is not an option there is also a resolve options called 'preferRelative' which tries to resolve these kind of requests in the current directory too.

BREAKING CHANGE: webpack < 5 used to include polyfills for node.js core modules by default.
This is no longer the case. Verify if you need this module and configure a polyfill for it.

If you want to include a polyfill, you need to:
	- add a fallback 'resolve.fallback: { "http": require.resolve("stream-http") }'
	- install 'stream-http'
If you don't want to include a polyfill, you can use an empty module like this:
	resolve.fallback: { "http": false }

ERROR in ./node_modules/follow-redirects/index.js 4:12-28
Module not found: Error: Can't resolve 'https' in '/Users/andreiiacob/informate/Informate/Frontend/informate-frontend/node_modules/follow-redirects'
Did you mean './https'?
Requests that should resolve in the current directory need to start with './'.
Requests that start with a name are treated as module requests and resolve within module directories (node_modules, /Users/andreiiacob/informate/Informate/Frontend/informate-frontend/node_modules).
If changing the source code is not an option there is also a resolve options called 'preferRelative' which tries to resolve these kind of requests in the current directory too.

BREAKING CHANGE: webpack < 5 used to include polyfills for node.js core modules by default.
This is no longer the case. Verify if you need this module and configure a polyfill for it.

If you want to include a polyfill, you need to:
	- add a fallback 'resolve.fallback: { "https": require.resolve("https-browserify") }'
	- install 'https-browserify'
If you don't want to include a polyfill, you can use an empty module like this:
	resolve.fallback: { "https": false }

ERROR in ./node_modules/follow-redirects/index.js 5:15-41
Module not found: Error: Can't resolve 'stream' in '/Users/andreiiacob/informate/Informate/Frontend/informate-frontend/node_modules/follow-redirects'

BREAKING CHANGE: webpack < 5 used to include polyfills for node.js core modules by default.
This is no longer the case. Verify if you need this module and configure a polyfill for it.

If you want to include a polyfill, you need to:
	- add a fallback 'resolve.fallback: { "stream": require.resolve("stream-browserify") }'
	- install 'stream-browserify'
If you don't want to include a polyfill, you can use an empty module like this:
	resolve.fallback: { "stream": false }

ERROR in ./node_modules/follow-redirects/index.js 6:13-30
Module not found: Error: Can't resolve 'assert' in '/Users/andreiiacob/informate/Informate/Frontend/informate-frontend/node_modules/follow-redirects'

BREAKING CHANGE: webpack < 5 used to include polyfills for node.js core modules by default.
This is no longer the case. Verify if you need this module and configure a polyfill for it.

If you want to include a polyfill, you need to:
	- add a fallback 'resolve.fallback: { "assert": require.resolve("assert/") }'
	- install 'assert'
If you don't want to include a polyfill, you can use an empty module like this:
	resolve.fallback: { "assert": false }

ERROR in ./node_modules/proxy-from-env/index.js 3:15-35
Module not found: Error: Can't resolve 'url' in '/Users/andreiiacob/informate/Informate/Frontend/informate-frontend/node_modules/proxy-from-env'

BREAKING CHANGE: webpack < 5 used to include polyfills for node.js core modules by default.
This is no longer the case. Verify if you need this module and configure a polyfill for it.

If you want to include a polyfill, you need to:
	- add a fallback 'resolve.fallback: { "url": require.resolve("url/") }'
	- install 'url'
If you don't want to include a polyfill, you can use an empty module like this:
	resolve.fallback: { "url": false }

ERROR in ./node_modules/react-dom/client.js
Module build failed (from ./node_modules/source-map-loader/dist/cjs.js):
Error: ENOENT: no such file or directory, open '/Users/andreiiacob/informate/Informate/Frontend/informate-frontend/node_modules/react-dom/client.js'

ERROR in ./node_modules/react-refresh/runtime.js
Module build failed (from ./node_modules/source-map-loader/dist/cjs.js):
Error: ENOENT: no such file or directory, open '/Users/andreiiacob/informate/Informate/Frontend/informate-frontend/node_modules/react-refresh/runtime.js'

ERROR in ./node_modules/react-router-dom/dist/index.mjs
Module build failed (from ./node_modules/source-map-loader/dist/cjs.js):
Error: ENOENT: no such file or directory, open '/Users/andreiiacob/informate/Informate/Frontend/informate-frontend/node_modules/react-router-dom/dist/index.mjs'

ERROR in Module not found: Error: Can't resolve '/Users/andreiiacob/informate/Informate/Frontend/informate-frontend/node_modules/@pmmmwh/react-refresh-webpack-plugin/client/ReactRefreshEntry.js' in '/Users/andreiiacob/informate/Informate/Frontend/informate-frontend'

ERROR in Module not found: Error: Can't resolve '/Users/andreiiacob/informate/Informate/Frontend/informate-frontend/node_modules/webpack-dev-server/client/index.js?protocol=ws%3A&hostname=0.0.0.0&port=3000&pathname=%2Fws&logging=none&overlay=%7B%22errors%22%3Atrue%2C%22warnings%22%3Afalse%7D&reconnect=10&hot=true&live-reload=true' in '/Users/andreiiacob/informate/Informate/Frontend/informate-frontend'

ERROR in Error: Child compilation failed:
  Module not found: Error: Can't resolve '/Users/andreiiacob/informate/Informate  /Frontend/informate-frontend/node_modules/html-webpack-plugin/lib/loader.js' i  n '/Users/andreiiacob/informate/Informate/Frontend/informate-frontend'
  ModuleNotFoundError: Module not found: Error: Can't resolve '/Users/andreiiaco  b/informate/Informate/Frontend/informate-frontend/node_modules/html-webpack-pl  ugin/lib/loader.js' in '/Users/andreiiacob/informate/Informate/Frontend/inform  ate-frontend'
      at /Users/andreiiacob/informate/Informate/Frontend/informate-frontend/node  _modules/webpack/lib/Compilation.js:2230:28
      at /Users/andreiiacob/informate/Informate/Frontend/informate-frontend/node  _modules/webpack/lib/NormalModuleFactory.js:933:13
      at eval (eval at create (/Users/andreiiacob/informate/Informate/Frontend/i  nformate-frontend/node_modules/tapable/lib/HookCodeFactory.js:33:10), <anonymo  us>:10:1)
      at /Users/andreiiacob/informate/Informate/Frontend/informate-frontend/node  _modules/webpack/lib/NormalModuleFactory.js:347:22
      at eval (eval at create (/Users/andreiiacob/informate/Informate/Frontend/i  nformate-frontend/node_modules/tapable/lib/HookCodeFactory.js:33:10), <anonymo  us>:9:1)
      at /Users/andreiiacob/informate/Informate/Frontend/informate-frontend/node  _modules/webpack/lib/NormalModuleFactory.js:530:22
      at /Users/andreiiacob/informate/Informate/Frontend/informate-frontend/node  _modules/webpack/lib/NormalModuleFactory.js:163:10
      at /Users/andreiiacob/informate/Informate/Frontend/informate-frontend/node  _modules/webpack/lib/NormalModuleFactory.js:756:23
      at /Users/andreiiacob/informate/Informate/Frontend/informate-frontend/node  _modules/neo-async/async.js:2830:7
      at done (/Users/andreiiacob/informate/Informate/Frontend/informate-fronten  d/node_modules/neo-async/async.js:2925:13)
      at /Users/andreiiacob/informate/Informate/Frontend/informate-frontend/node  _modules/webpack/lib/NormalModuleFactory.js:1202:23
      at finishWithoutResolve (/Users/andreiiacob/informate/Informate/Frontend/i  nformate-frontend/node_modules/enhanced-resolve/lib/Resolver.js:570:11)
      at /Users/andreiiacob/informate/Informate/Frontend/informate-frontend/node  _modules/enhanced-resolve/lib/Resolver.js:659:14
      at /Users/andreiiacob/informate/Informate/Frontend/informate-frontend/node  _modules/enhanced-resolve/lib/Resolver.js:720:5
      at eval (eval at create (/Users/andreiiacob/informate/Informate/Frontend/i  nformate-frontend/node_modules/tapable/lib/HookCodeFactory.js:33:10), <anonymo  us>:16:1)
      at /Users/andreiiacob/informate/Informate/Frontend/informate-frontend/node  _modules/enhanced-resolve/lib/Resolver.js:720:5
      at eval (eval at create (/Users/andreiiacob/informate/Informate/Frontend/i  nformate-frontend/node_modules/tapable/lib/HookCodeFactory.js:33:10), <anonymo  us>:27:1)
      at /Users/andreiiacob/informate/Informate/Frontend/informate-frontend/node  _modules/enhanced-resolve/lib/DescriptionFilePlugin.js:89:43
      at /Users/andreiiacob/informate/Informate/Frontend/informate-frontend/node  _modules/enhanced-resolve/lib/Resolver.js:720:5
      at eval (eval at create (/Users/andreiiacob/informate/Informate/Frontend/i  nformate-frontend/node_modules/tapable/lib/HookCodeFactory.js:33:10), <anonymo  us>:15:1)
      at /Users/andreiiacob/informate/Informate/Frontend/informate-frontend/node  _modules/enhanced-resolve/lib/Resolver.js:720:5
      at eval (eval at create (/Users/andreiiacob/informate/Informate/Frontend/i  nformate-frontend/node_modules/tapable/lib/HookCodeFactory.js:33:10), <anonymo  us>:15:1)
      at /Users/andreiiacob/informate/Informate/Frontend/informate-frontend/node  _modules/enhanced-resolve/lib/Resolver.js:720:5
      at eval (eval at create (/Users/andreiiacob/informate/Informate/Frontend/i  nformate-frontend/node_modules/tapable/lib/HookCodeFactory.js:33:10), <anonymo  us>:16:1)
      at /Users/andreiiacob/informate/Informate/Frontend/informate-frontend/node  _modules/enhanced-resolve/lib/Resolver.js:720:5
      at eval (eval at create (/Users/andreiiacob/informate/Informate/Frontend/i  nformate-frontend/node_modules/tapable/lib/HookCodeFactory.js:33:10), <anonymo  us>:27:1)
      at /Users/andreiiacob/informate/Informate/Frontend/informate-frontend/node  _modules/enhanced-resolve/lib/DescriptionFilePlugin.js:89:43
      at /Users/andreiiacob/informate/Informate/Frontend/informate-frontend/node  _modules/enhanced-resolve/lib/Resolver.js:720:5
      at eval (eval at create (/Users/andreiiacob/informate/Informate/Frontend/i  nformate-frontend/node_modules/tapable/lib/HookCodeFactory.js:33:10), <anonymo  us>:16:1)
      at /Users/andreiiacob/informate/Informate/Frontend/informate-frontend/node  _modules/enhanced-resolve/lib/Resolver.js:720:5
      at eval (eval at create (/Users/andreiiacob/informate/Informate/Frontend/i  nformate-frontend/node_modules/tapable/lib/HookCodeFactory.js:33:10), <anonymo  us>:15:1)
      at /Users/andreiiacob/informate/Informate/Frontend/informate-frontend/node  _modules/enhanced-resolve/lib/DirectoryExistsPlugin.js:43:15
      at process.processTicksAndRejections (node:internal/process/task_queues:89  :21)
  
  - Compilation.js:2230 
    [informate-frontend]/[webpack]/lib/Compilation.js:2230:28
  
  - NormalModuleFactory.js:933 
    [informate-frontend]/[webpack]/lib/NormalModuleFactory.js:933:13
  
  
  - NormalModuleFactory.js:347 
    [informate-frontend]/[webpack]/lib/NormalModuleFactory.js:347:22
  
  
  - NormalModuleFactory.js:530 
    [informate-frontend]/[webpack]/lib/NormalModuleFactory.js:530:22
  
  - NormalModuleFactory.js:163 
    [informate-frontend]/[webpack]/lib/NormalModuleFactory.js:163:10
  
  - NormalModuleFactory.js:756 
    [informate-frontend]/[webpack]/lib/NormalModuleFactory.js:756:23
  
  - async.js:2830 
    [informate-frontend]/[neo-async]/async.js:2830:7
  
  - async.js:2925 done
    [informate-frontend]/[neo-async]/async.js:2925:13
  
  - NormalModuleFactory.js:1202 
    [informate-frontend]/[webpack]/lib/NormalModuleFactory.js:1202:23
  
  - Resolver.js:570 finishWithoutResolve
    [informate-frontend]/[enhanced-resolve]/lib/Resolver.js:570:11
  
  - Resolver.js:659 
    [informate-frontend]/[enhanced-resolve]/lib/Resolver.js:659:14
  
  - Resolver.js:720 
    [informate-frontend]/[enhanced-resolve]/lib/Resolver.js:720:5
  
  
  - Resolver.js:720 
    [informate-frontend]/[enhanced-resolve]/lib/Resolver.js:720:5
  
  
  - DescriptionFilePlugin.js:89 
    [informate-frontend]/[enhanced-resolve]/lib/DescriptionFilePlugin.js:89:43
  
  - Resolver.js:720 
    [informate-frontend]/[enhanced-resolve]/lib/Resolver.js:720:5
  
  
  - Resolver.js:720 
    [informate-frontend]/[enhanced-resolve]/lib/Resolver.js:720:5
  
  
  - Resolver.js:720 
    [informate-frontend]/[enhanced-resolve]/lib/Resolver.js:720:5
  
  
  - Resolver.js:720 
    [informate-frontend]/[enhanced-resolve]/lib/Resolver.js:720:5
  
  
  - DescriptionFilePlugin.js:89 
    [informate-frontend]/[enhanced-resolve]/lib/DescriptionFilePlugin.js:89:43
  
  - Resolver.js:720 
    [informate-frontend]/[enhanced-resolve]/lib/Resolver.js:720:5
  
  
  - Resolver.js:720 
    [informate-frontend]/[enhanced-resolve]/lib/Resolver.js:720:5
  
  
  - DirectoryExistsPlugin.js:43 
    [informate-frontend]/[enhanced-resolve]/lib/DirectoryExistsPlugin.js:43:15
  
  - task_queues:89 process.processTicksAndRejections
    node:internal/process/task_queues:89:21
  
  - child-compiler.js:211 
    [informate-frontend]/[html-webpack-plugin]/lib/child-compiler.js:211:18
  
  - Compiler.js:625 finalCallback
    [informate-frontend]/[webpack]/lib/Compiler.js:625:5
  
  - Compiler.js:661 
    [informate-frontend]/[webpack]/lib/Compiler.js:661:11
  
  - Compiler.js:1347 
    [informate-frontend]/[webpack]/lib/Compiler.js:1347:17
  
  
  - Hook.js:20 Hook.CALL_ASYNC_DELEGATE [as _callAsync]
    [informate-frontend]/[tapable]/lib/Hook.js:20:14
  
  - Compiler.js:1343 
    [informate-frontend]/[webpack]/lib/Compiler.js:1343:33
  
  - Compilation.js:3061 finalCallback
    [informate-frontend]/[webpack]/lib/Compilation.js:3061:11
  
  - Compilation.js:3404 
    [informate-frontend]/[webpack]/lib/Compilation.js:3404:11
  
  
  - Hook.js:20 Hook.CALL_ASYNC_DELEGATE [as _callAsync]
    [informate-frontend]/[tapable]/lib/Hook.js:20:14
  
  - Compilation.js:3397 
    [informate-frontend]/[webpack]/lib/Compilation.js:3397:38
  
  
  - Compilation.js:605 
    [informate-frontend]/[webpack]/lib/Compilation.js:605:11
  
  - SourceMapDevToolPlugin.js:600 
    [informate-frontend]/[webpack]/lib/SourceMapDevToolPlugin.js:600:10
  
  - async.js:2830 
    [informate-frontend]/[neo-async]/async.js:2830:7
  
  - async.js:2857 Object.each
    [informate-frontend]/[neo-async]/async.js:2857:9
  
  - SourceMapDevToolPlugin.js:416 
    [informate-frontend]/[webpack]/lib/SourceMapDevToolPlugin.js:416:17

webpack compiled with 25 errors
/Users/andreiiacob/informate/Informate/Frontend/informate-frontend/node_modules/react-scripts/scripts/start.js:19
  throw err;
  ^

[Error: ENOENT: no such file or directory, stat '/Users/andreiiacob/informate/Informate/Frontend/informate-frontend/node_modules/.cache/default-development/0.pack'] {
  errno: -2,
  code: 'ENOENT',
  syscall: 'stat',
  path: '/Users/andreiiacob/informate/Informate/Frontend/informate-frontend/node_modules/.cache/default-development/0.pack'
}

Node.js v24.3.0
